-- phpMyAdmin SQL Dump
-- version 4.8.4
-- https://www.phpmyadmin.net/
--
-- Servidor: 127.0.0.1
-- Tiempo de generación: 26-04-2019 a las 18:09:07
-- Versión del servidor: 10.1.37-MariaDB
-- Versión de PHP: 7.3.1

SET SQL_MODE = "NO_AUTO_VALUE_ON_ZERO";
SET AUTOCOMMIT = 0;
START TRANSACTION;
SET time_zone = "+00:00";


/*!40101 SET @OLD_CHARACTER_SET_CLIENT=@@CHARACTER_SET_CLIENT */;
/*!40101 SET @OLD_CHARACTER_SET_RESULTS=@@CHARACTER_SET_RESULTS */;
/*!40101 SET @OLD_COLLATION_CONNECTION=@@COLLATION_CONNECTION */;
/*!40101 SET NAMES utf8mb4 */;

--
-- Base de datos: `generaleno1`
--

DELIMITER $$
--
-- Procedimientos
--
CREATE DEFINER=`root`@`localhost` PROCEDURE `borrarcancelados` ()  DROP  TABLE IF EXISTS cancelados$$

CREATE DEFINER=`root`@`localhost` PROCEDURE `crearcancelado` ()  INSERT INTO cancelados SELECT * FROM saldos$$

CREATE DEFINER=`root`@`localhost` PROCEDURE `descuentos` ()  CREATE TABLE IF NOT EXISTS `posnew`.`Descuentos` ( `Descuento` VARCHAR(200) NOT NULL , `Descripcion` VARCHAR(200) NOT NULL , PRIMARY KEY (`Descuento`)) ENGINE = InnoDB$$

CREATE DEFINER=`root`@`localhost` PROCEDURE `eliminarnocancelados` ()  DELETE FROM cancelados WHERE NumFactura IN(SELECT NumFactura FROM saldos WHERE NumFactura=cancelados.NumFactura) AND CodigoCliente IN(SELECT CodigoCliente FROM saldos WHERE CodigoCliente=cancelados.CodigoCliente) AND Saldo>0$$

CREATE DEFINER=`root`@`localhost` PROCEDURE `iniciarcancelados` ()  CREATE TABLE IF NOT EXISTS cancelados LIKE saldos$$

CREATE DEFINER=`root`@`localhost` PROCEDURE `sp_contabon` (IN `fech1` DATETIME, IN `fech2` DATETIME)  SELECT factura.Fecha,abonos.NumFactura,abonos.Abono FROM factura, abonos WHERE factura.Numero=abonos.NumFactura AND factura.Fecha BETWEEN fech1 AND fech2$$

CREATE DEFINER=`root`@`localhost` PROCEDURE `sp_contaexc` (IN `fech1` DATETIME, IN `fech2` DATETIME)  SELECT factura.Fecha,detalles.NumeroFactura,0 AS BrutoGravado,ROUND((((detalles.Precio*detalles.Cantidad))-detalles.Descuento),2) AS Brutosingravar,0 AS Impuesto FROM factura,detalles where factura.Numero=detalles.NumeroFactura AND detalles.Impuesto='(E)' AND factura.Fecha BETWEEN fech1 AND fech2$$

CREATE DEFINER=`root`@`localhost` PROCEDURE `sp_contagrav` (IN `fech1` DATETIME, IN `fech2` DATETIME)  SELECT factura.Fecha,detalles.NumeroFactura,(detalles.Precio*detalles.Cantidad) AS BrutoGravado,ROUND((((detalles.Precio*detalles.Cantidad)/1.13)-detalles.Descuento),2) AS Brutosingravar,ROUND(((((detalles.Precio*detalles.Cantidad)/1.13)-detalles.Descuento)*13)/100,2) AS Impuesto FROM factura,detalles where factura.Numero=detalles.NumeroFactura AND detalles.Impuesto='(G)' AND factura.Fecha BETWEEN fech1 AND fech2$$

DELIMITER ;

-- --------------------------------------------------------

--
-- Estructura de tabla para la tabla `abonos`
--

CREATE TABLE `abonos` (
  `Codigo` int(111) NOT NULL,
  `Cedula` int(111) NOT NULL,
  `NumFactura` int(111) NOT NULL,
  `Abono` double(20,8) NOT NULL,
  `flag` int(11) DEFAULT NULL,
  `CodigoCajero` varchar(30) NOT NULL,
  `Fecha` datetime NOT NULL,
  `TipoPago` varchar(50) NOT NULL
) ENGINE=InnoDB DEFAULT CHARSET=utf8;

--
-- Volcado de datos para la tabla `abonos`
--

INSERT INTO `abonos` (`Codigo`, `Cedula`, `NumFactura`, `Abono`, `flag`, `CodigoCajero`, `Fecha`, `TipoPago`) VALUES
(2, 106160193, 5410, 2000.00000000, 0, '4', '2018-12-05 13:26:21', 'Efectivo'),
(3, 105491000, 5429, 1000.00000000, 1, '4', '2018-12-21 10:54:20', 'Efectivo');

--
-- Disparadores `abonos`
--
DELIMITER $$
CREATE TRIGGER `actualizarsaldo` AFTER INSERT ON `abonos` FOR EACH ROW UPDATE saldos,abonos SET saldos.Saldo=saldos.Saldo-abonos.Abono WHERE saldos.NumFactura=abonos.NumFactura AND saldos.CodigoCliente=abonos.Cedula AND abonos.flag=1
$$
DELIMITER ;

-- --------------------------------------------------------

--
-- Estructura de tabla para la tabla `cancelados`
--

CREATE TABLE `cancelados` (
  `NumFactura` int(111) NOT NULL,
  `CodigoCliente` varchar(200) NOT NULL,
  `Saldo` double(10,2) NOT NULL,
  `Inicial` double(10,2) DEFAULT NULL,
  `CodigoCajero` varchar(30) NOT NULL,
  `Fecha` datetime NOT NULL,
  `NumerodeComprobante` varchar(200) NOT NULL,
  `CodigoVendedor` int(111) NOT NULL
) ENGINE=InnoDB DEFAULT CHARSET=utf8;

--
-- Volcado de datos para la tabla `cancelados`
--

INSERT INTO `cancelados` (`NumFactura`, `CodigoCliente`, `Saldo`, `Inicial`, `CodigoCajero`, `Fecha`, `NumerodeComprobante`, `CodigoVendedor`) VALUES
(2147483647, 'TENI', 0.00, 24830.00, '77', '0000-00-00 00:00:00', 'UMBRO', 0);

-- --------------------------------------------------------

--
-- Estructura de tabla para la tabla `cierre`
--

CREATE TABLE `cierre` (
  `Numero` int(110) NOT NULL,
  `Fecha` datetime NOT NULL,
  `FacturaInicialf` int(111) NOT NULL,
  `FacturaFinalf` int(111) NOT NULL,
  `FacturaInicialp` int(111) NOT NULL,
  `FacturaFinalp` int(111) NOT NULL,
  `abonoinicial` int(111) NOT NULL,
  `abonofinal` int(111) NOT NULL,
  `VentasContado` double(20,8) NOT NULL,
  `Abonos` double(20,8) NOT NULL,
  `Fondo` double(20,8) NOT NULL,
  `VentasTarjeta` double(20,8) NOT NULL
) ENGINE=InnoDB DEFAULT CHARSET=latin1;

--
-- Volcado de datos para la tabla `cierre`
--

INSERT INTO `cierre` (`Numero`, `Fecha`, `FacturaInicialf`, `FacturaFinalf`, `FacturaInicialp`, `FacturaFinalp`, `abonoinicial`, `abonofinal`, `VentasContado`, `Abonos`, `Fondo`, `VentasTarjeta`) VALUES
(4, '2018-12-05 00:00:00', 541, 548, 0, 0, 0, 0, 80367.50000000, 0.00000000, 100000.00000000, 287.50000000),
(5, '2018-12-05 00:00:00', 549, 549, 41, 41, 2, 2, 66757.50000000, 2000.00000000, 100000.00000000, 16515.00000000);

-- --------------------------------------------------------

--
-- Estructura de tabla para la tabla `clientes`
--

CREATE TABLE `clientes` (
  `Cedula` bigint(100) NOT NULL,
  `Nombre` varchar(500) NOT NULL,
  `Telefono` varchar(200) NOT NULL,
  `Correo` varchar(200) NOT NULL,
  `Direccion` varchar(250) NOT NULL
) ENGINE=InnoDB DEFAULT CHARSET=latin1;

--
-- Volcado de datos para la tabla `clientes`
--

INSERT INTO `clientes` (`Cedula`, `Nombre`, `Telefono`, `Correo`, `Direccion`) VALUES
(0, 'CONTADO', '88888888', 'CORREO@CORREO.COM', 'PÉREZ ZELEDÓN'),
(105491000, 'MAYELA VALVERDE MADRIGAL', '27311558', 'CORREO@CORREO.COM', 'PÉREZ ZELEDÓN'),
(106160193, 'SIDEY VENEGAS CHACON', '83251747', 'CORREO@CORREO@GMAIL.COM', 'PÉREZ ZELEDÓN'),
(106290135, 'GILBERTO ALFARO ABARCA', '83336909', 'COORPORACIONHABITACION@HOTMAIL.COML', 'PÉREZ ZELEDÓN'),
(106510370, 'EDGAR CORDERO AZOFEIFA', '88888888', 'CORDEROEDGAR64@GMAIL.COM', 'PÉREZ ZELEDÓN'),
(107020214, 'ALFREDO SALAZAR CORDERO', '87230781', 'SALAZARCORDERO14@GMAIL.COM', 'PÉREZ ZELEDÓN'),
(107020610, 'OLDEMAR VALVERDE MADRIGAL', '27311558', 'CORREO@CORREO.COM', 'PÉREZ ZELEDÓN'),
(107020783, 'VILMA GISELLE VARELA CAMPOS', '87199127', 'GVARELA67@HOTMAIL.COM', 'PÉREZ ZELEDÓN'),
(107250417, 'IVONNE RODRIGUEZ MUÑOZ', '2773435', 'IVONNERN28@GMAIL.COM', 'PÉREZ ZELEDÓN'),
(107290516, 'MARIA YALILE ROMERO URE?A', '83091478', 'PETUMR03@HOTMAIL.COM', 'PÉREZ ZELEDÓN'),
(107330419, 'JORGE LUIS UREÑA QUESADA', '88888888', 'JUNGLA1508@HOTMAIL.COM', 'PÉREZ ZELEDÓN'),
(107510761, 'YADIRA ARAYA ALVARADO', '88755325', 'YARAYA@COOPEALIANZA.SI.CR', 'PÉREZ ZELEDÓN'),
(107740053, 'DENISE GAMBOA CHACON', '87297400', 'DENISEGAMBOA1106@GMAIL.COM', 'PÉREZ ZELEDÓN'),
(107840866, 'JANIE LIZBETH MORA SANCHEZ', '87808829', 'JANIELIZBETH@HOTMAIL.COM', 'PÉREZ ZELEDÓN'),
(108190671, 'MILENA ELIZONDO SEGURA', '89371297', 'SOMOSHUELLASVETERINARIA@GMAIL.COM', 'PÉREZ ZELEDÓN'),
(108300997, 'ROLANDO ARAYA BARTELS', '8308914', 'RABAR72@GMAIL.COM', 'PÉREZ ZELEDÓN'),
(108320529, 'LOURDES ARIAS CASTILLO', '88306418', 'ARIASLOBO@HOTMAIL.COM', 'PÉREZ ZELEDÓN'),
(108320640, 'ESTHER VARGAS MORA', '83655232', 'ESTHERV14@HOTMAIL.COM', 'PÉREZ ZELEDÓN'),
(108360684, 'LAURA BORBON PICADO', '88888888', 'LAUBORBONPICADO.EDUFI@GMAIL.COM', 'PÉREZ ZELEDÓN'),
(108470216, 'IRMA ARIAS ROBLES', '88888888', 'IRMAARIAS211@GMAIL.COM', 'PÉREZ ZELEDÓN'),
(108530213, 'MARIXA MESEN ANCHIA', '87078123', 'MARITZAMESENANCHIA@YAHOO.COM', 'PÉREZ ZELEDÓN'),
(108700365, 'MARJORIE HIDALGO ELIZONDO', '62968745', 'HIDALGOEMARGORIE@GMAIL.COM', 'PÉREZ ZELEDÓN'),
(108830133, 'CARMEN VARGAS VASQUEZ', '84441581', 'CARVARGASV@YAHOO.ES', 'PÉREZ ZELEDÓN'),
(109120588, 'KATTIA JEANNETTE VARGAS ARIAS', '85622889', 'KAJEVAA@HOTMAIL.COM', 'PÉREZ ZELEDÓN'),
(109290782, 'EDUARDO VILLALOBOS ALFARO', '86103677', 'EDUARDOVILLALOBOS86103687@GMAIL.COM', 'PÉREZ ZELEDÓN'),
(109390390, 'DENNIS OLDEMAR ROMAN AGUILAR', '88888888', 'DENNIS236443@GMAIL.COM', 'PÉREZ ZELEDÓN'),
(109460337, 'CARLA NARANJO PICADO', '83512467', 'KARLANARANJOP@GMAIL.COM', 'PÉREZ ZELEDÓN'),
(109490054, 'CECILIA URE?A SANCHEZ', '88888888', 'CORREO@CORREO.COM', 'PÉREZ ZELEDÓN'),
(109570141, 'ADOLFO MADRIZ MENA', '87797448', 'AMADRIZMENA@HOTMAIL.COM', 'PÉREZ ZELEDÓN'),
(109690493, 'GREIVIN MORA SANCHEZ', '86392405', 'CONSTRUCCIONESGREIVINMORA@HOTMAIL.COM', 'PÉREZ ZELEDÓN'),
(109830108, 'PATRICIA SANCHEZ CALDERON', '88888888', 'PATRICIASANCHEZCALDERON.7@GMAIL.COM', 'PÉREZ ZELEDÓN'),
(109990842, 'GRACIELA FONSECA VASQUEZ', '72738937', 'GRACIELAFONSECAVASQUEZ@GMAIL.COM', 'PÉREZ ZELEDÓN'),
(110310378, 'ALLAN GERARDO OBREGON DUARTE', '70695957', 'AOBREGON1979@GMAIL.COM', 'PÉREZ ZELEDÓN'),
(110540321, 'ERIC CORDERO CORDERO', '88119511', 'ERICORDERO1@HOTMAIL.COM', 'PÉREZ ZELEDÓN'),
(110580446, 'SIDEY MAYELA VARGAS DIAZ', '85178657', 'ACASTROVENUS@HOTMAIL.COM', 'PÉREZ ZELEDÓN'),
(110640139, 'EIDANIA ARIAS LOPEZ', '89806680', 'HEIDANIA.AL@HOTMAIL.COM', 'PÉREZ ZELEDÓN'),
(110930836, 'JOHNNY JIMENEZ SANCHEZ', '89261231', 'J-JIMENEZSANCHEZ@HOTMAIL.COM', 'PÉREZ ZELEDÓN'),
(110980374, 'LAURA ZUÑIGA ROJAS', '60606110', 'LAURA.MYS@HOTMAIL.COM', 'PÉREZ ZELEDÓN'),
(111010002, 'VIVIANA ZU?IGA VALVERDE', '60212177', 'VIVYZUNIGA268@GMAIL.COM', 'PÉREZ ZELEDÓN'),
(111030260, 'JORGE PABLO MADRIGAL MORA', '88380946', 'JORGEP.MADRIGAL@GMAIL.COM', 'PÉREZ ZELEDÓN'),
(111100480, 'CARLOS NARANJO BADILLA', '86992166', 'CNARANJO2010@GMAIL.COM', 'PÉREZ ZELEDÓN'),
(111290050, 'NOEL ANTONIO HERRERA APARICIO', '8573330', 'VENTASNOE@GMAIL.COM', 'PÉREZ ZELEDÓN'),
(111320804, 'JONEY CORDERO BORBON', '87105211', 'JONEYCORDERO@HOTMAIL.COM', 'PÉREZ ZELEDÓN'),
(111390470, 'ROSE MARY BENAVIDES MONTERO', '60406069', 'ADRIMORA1320@HOTMAIL.COM', 'PÉREZ ZELEDÓN'),
(111900677, 'GRETHEL ALEJANDRA GUADAMUZ MORA', '86333500', 'GRETHELGM@HOTMAIL.COM', 'PÉREZ ZELEDÓN'),
(111970944, 'ANDREA OROZCO MENDOZA', '83224411', 'ANDRE-8411@HOTMAIL.COM', 'PÉREZ ZELEDÓN'),
(112070544, 'MICHAEL ROBERTO LEIVA OROZCO', '83396791', 'MAICOL2584@HOTMAIL.COM', 'PÉREZ ZELEDÓN'),
(112120354, 'BLANCA LIDIA GUZMAN HERNANDEZ', '87060021', 'BLAGUSHER@GMAIL.COM', 'PÉREZ ZELEDÓN'),
(112120710, 'OSCAR WILLIAM BENNETT VASQUEZ', '88888888', 'PROFBENNETTE13@GMAIL.COM', 'PÉREZ ZELEDÓN'),
(112550854, 'JOSE ANDRES CAMPOS HERNANDEZ', '88888888', 'JOSE.CAMPOS.HERNANDEZ@MEP.GO.CR', 'PÉREZ ZELEDÓN'),
(112720507, 'RICHARD EDUARDO VIQUEZ PEREZ', '88888888', 'CORREO@CORREO.COM', 'PÉREZ ZELEDÓN'),
(112760526, 'CAROLINA BADILLA BADILLA', '89436487', 'CAROLINABADILLA52@GMAIL.COM', 'PÉREZ ZELEDÓN'),
(112990415, 'CINDY GABRIELA ARAYA JIMENEZ', '88888888', 'CINDY221186@GMAIL.COM', 'PÉREZ ZELEDÓN'),
(113000862, 'DIANY CASTRO MORA', '89826568', 'DIANYCASTRO862015@GAMIL.COM', 'PÉREZ ZELEDÓN'),
(113180402, 'ANA YANCY VALERIO MONTES', '84119783', 'YANCYVALERIOJMV@GMAIL.COM', 'PÉREZ ZELEDÓN'),
(113190565, 'JUAN CARLOS CASTRO VARGAS', '50079539', 'MACHON282@GMAIL.COM', 'PÉREZ ZELEDÓN'),
(113330857, 'JOSE LEONARDO ZUÑIGA MORA', '88239989', 'JSLEO1711@GAMIL.COM', 'PÉREZ ZELEDÓN'),
(113490914, 'MARILYN VIRGITA MORA CASTRO', '85707997', 'MARILYNMORACASTRO@GMAIL.COM', 'PÉREZ ZELEDÓN'),
(113510598, 'VANESSA VALENCIANO MONTERO', '87084484', 'VANENCIAMO@HOTMAIL.COM', 'PÉREZ ZELEDÓN'),
(113690045, 'MAIKEL BADILLA SANDI', '84243390', 'MBADILLA10@HOTMAIL.COM', 'PÉREZ ZELEDÓN'),
(113940285, 'ARIEL ROJAS BONILLA', '86959731', 'ARIMARI559@GMAIL.COM', 'PÉREZ ZELEDÓN'),
(114080208, 'PAOLA ZU?IGA ALBENDA', '87503433', 'POAALBENDA@GMAIL.COM', 'PÉREZ ZELEDÓN'),
(114140078, 'MARIA GRACIELA VENEGAS SOLANO', '85447692', 'GRAVESOPZ@GMAIL.COM', 'PÉREZ ZELEDÓN'),
(114160944, 'JORGE LEONARDO SANCHEZ GODINEZ', '83194771', 'JLSANCHEZ1533@GMAIL.COM', 'PÉREZ ZELEDÓN'),
(114420838, 'DIANA PRISCILA SALAZAR CESPEDES', '86442569', 'PRISCILASC2210@GMAIL.COM', 'PÉREZ ZELEDÓN'),
(114810445, 'LUIS ANGEL ROJAS CALDERON', '84138197', 'LUISROJASC777@GMAIL.COM', 'PÉREZ ZELEDÓN'),
(114840295, 'STEFANNY TATIANA BARBOZA HIDALGO', '84297120', 'STEPHANIE201504@GMAIL.COM', 'PÉREZ ZELEDÓN'),
(114880001, 'JAIRO JOSE FUENTES CISNEROS', '70064183', 'JAIROFUENTES20@GAMIL.COM', 'PÉREZ ZELEDÓN'),
(114900863, 'KARELYN TATIANA CARBALLO NAVARRO', '89352466', 'CARBALLOKARELYN@GMAIL.COM', 'PÉREZ ZELEDÓN'),
(115070422, 'ANA JAZMIN DELGADO CALDERON', '83344319', 'ANA.JAZMINDELGADO@GMAIL.COM', 'PÉREZ ZELEDÓN'),
(115160772, 'DANIELA LILLIANA PORRAS BARRANTES', '85353114', 'NANNYP05@GMAIL.COM', 'PÉREZ ZELEDÓN'),
(115260720, 'CARLOS JAVIER ZU?IGA GONZALEZ', '61010072', 'JABY3R013@HOTMAIL.COM', 'PÉREZ ZELEDÓN'),
(115260774, 'ANA VICTORIA VARGAS ABARCA', '88130362', 'VICOV18@HOTMAIL.COM', 'PÉREZ ZELEDÓN'),
(115500212, 'JOSE ALFREDO VILLALOBOS MONTERO', '89960967', 'ALFREDOVM28@HOTMAIL.COM', 'PÉREZ ZELEDÓN'),
(115860910, 'JEUDY ALEXANDER PEREZ VARGAS', '83038604', 'ALEXANDERVARGAS0210@GMAIL.COM', 'PÉREZ ZELEDÓN'),
(115950178, 'LUIS ALBERTO GOMEZ GAMBOA', '70543824', 'LUISTXUS123@GMAIL.COM', 'PÉREZ ZELEDÓN'),
(115980554, 'MILEIDY DE LOS ANGELES HIDALGO ELIZONDO', '84145626', 'HIDALGOELIZONDO02@GMAIL.COM', 'PÉREZ ZELEDÓN'),
(116120683, 'HAYLIN LIZETH RODRIGUEZ SEGURA', '89548288', 'HAYLIN_RODRIGUEZ18@HOTMAIL.COM', 'PÉREZ ZELEDÓN'),
(116290835, 'ROCIO DELGADO CORTES', '85792045', 'RDC0696@GMAIL.COM', 'PÉREZ ZELEDÓN'),
(116350689, 'KERRY HUGO VARGAS CARVAJAL', '87046818', 'KERRYFLOTE0000@GMAIL.COM', 'PÉREZ ZELEDÓN'),
(116390987, 'KATHERINE REBECA CASTRO VARGAS', '83845550', 'KATIIREBEKA@OUTLOOK.COM', 'PÉREZ ZELEDÓN'),
(116550914, 'KAROL ANDREA ZU?IGA ROJAS', '85514795', 'KAROLZR4@GMAIL.COM', 'PÉREZ ZELEDÓN'),
(116810871, 'MARCOS JOSUE MARIN VARGAS', '84227720', 'MVHJOSSUE56@GMAIL.COM', 'PÉREZ ZELEDÓN'),
(116990415, 'YASMIN IDALMIS MARIN ARIAS', '86276649', 'YASM01123@GMAIL.COM', 'PÉREZ ZELEDÓN'),
(117800071, 'CARLOS DANIEL MARIN MATA', '85383757', 'DANIELMA1315@GMAIL.COM', 'PÉREZ ZELEDÓN'),
(117960262, 'WALTER STEVEN ZUÑIGA MONTES', '62529571', 'ESTEVENNDC@GMAIL.COM', 'PÉREZ ZELEDÓN'),
(118120109, 'EDUARDO ALBERTO VARGAS RODRIGUEZ', '87050062', 'EDUARDOV2505@GMAIL.COM', 'PÉREZ ZELEDÓN'),
(118430440, 'JORDY JOSETH SANCHEZ UMAÑA', '85304377', 'DAMARIZ9999@GMAIL.COM', 'PÉREZ ZELEDÓN'),
(118690281, 'EMILY NATASHA BARBOZA AZOFEIFA', '86923142', 'EMIILYAZOFEIFA02@HOTMAIL.COM', 'PÉREZ ZELEDÓN'),
(206600363, 'FANNY SIRLENE VINDAS ALVAREZ', '86212978', 'F_VINDAS69@HOTMAIL.COM', 'PÉREZ ZELEDÓN'),
(304330924, 'PATRICIA MARIN ZU?IGA', '86028593', 'MARINLEONPATRI@GMAIL.COM', 'PÉREZ ZELEDÓN'),
(305340638, 'DAYANNA NICOLE BRENES VALVERDE', '87229556', 'NICOLEBRENESVALVERDE@GMAIL.COM', 'PÉREZ ZELEDÓN'),
(401420053, 'FELICIA MARIA OROZCO CAMPOS', '88888888', 'FELISSTESTOTI@GAMIL.COM', 'PÉREZ ZELEDÓN'),
(401600757, 'MINOR SANCHEZ DELGADO', '89855944', 'SANCHEZ1975.MSD@GMAIL.COM', 'PÉREZ ZELEDÓN'),
(402290575, 'EDUARDO ESTIVEN SALAS CERDAS', '84137805', 'ODRA-UDE@HOTMAIL.ES', 'PÉREZ ZELEDÓN'),
(502430604, 'PLACIDO TRIBILIN RAMIREZ QUIROS', '88888888', 'CORREO@CORREO.COM', 'PÉREZ ZELEDÓN'),
(601540476, 'LUZ MARINA FERNANDEZ ALFARO', '88888888', 'LUAFA69@GMAIL.COM', 'PÉREZ ZELEDÓN'),
(602110565, 'MARGARITA SALDA?A GAMBOA', '87224030CORRE', 'CORREO@CORREO.GMAIL.COM', 'PÉREZ ZELEDÓN'),
(602130492, 'FELIX CERDAS QUESADA', '70220382', 'CORREO@CORREO.COM', 'PÉREZ ZELEDÓN'),
(602510166, 'CARLOS LUIS MONGE NAVARRO', '88900251', 'CMONGEN@GMAIL.COM', 'PÉREZ ZELEDÓN'),
(602520594, 'MARVIN ALBERTO VARELA GUZMAN', '88888888', 'MVARELA_UNA@YAHOO.ES', 'PÉREZ ZELEDÓN'),
(602790673, 'GLENDA MASIS ESPINOZA', '83499022', 'GLEN.MAZIS@GMAIL.COM', 'PÉREZ ZELEDÓN'),
(603090318, 'DALLANARA PRENDAS DIAZ', '88888888', 'PUBLICIDADQUEEXITO@YAHOO.ES', 'PÉREZ ZELEDÓN'),
(603190858, 'RONALD GRAJAL PEREIRA', '88091790', 'RGRAJALTICO1212@GMAIL.COM', 'PÉREZ ZELEDÓN'),
(603700318, 'MIRNA JOHANA SERRANO QUIROS', '60396665', 'MIRLASQ22@GMAIL.COM', 'PÉREZ ZELEDÓN'),
(604140580, 'KARINA ARCE CALVO', '83185935', 'KARI.AC.94@HOTMAIL.COM', 'PÉREZ ZELEDÓN'),
(604250278, 'PABLO JOSETH OVARES BALTODANO', '88888888', 'JOSETH9595@GAMIL.COM', 'PÉREZ ZELEDÓN'),
(701320389, 'FELIX FRANCISCO VILLALOBOS HERRERA', '61723114', 'FELIXVILLALOBOSH@GMAIL.COM', 'PÉREZ ZELEDÓN'),
(702320717, 'WALNER STEVEN BORBON JIMENEZ', '88888888', 'CORREO@CORREO.COM', 'PÉREZ ZELEDÓN'),
(801080908, 'TANIA ALCANTARA PEREZ', '89761609', 'SULEIVI10@HOTMAIL.COM', 'PÉREZ ZELEDÓN'),
(901030767, 'JENNY MARIETA CORDERO CASTRO', '83071072', 'MARIECORDERO2008@HOTMAIL.COM', 'PÉREZ ZELEDÓN');

-- --------------------------------------------------------

--
-- Estructura de tabla para la tabla `descuento`
--

CREATE TABLE `descuento` (
  `Montoad` int(10) NOT NULL,
  `Montoti` int(11) NOT NULL
) ENGINE=InnoDB DEFAULT CHARSET=latin1;

--
-- Volcado de datos para la tabla `descuento`
--

INSERT INTO `descuento` (`Montoad`, `Montoti`) VALUES
(50, 50);

-- --------------------------------------------------------

--
-- Estructura de tabla para la tabla `detalles`
--

CREATE TABLE `detalles` (
  `Id` int(111) NOT NULL,
  `NumeroFactura` int(111) NOT NULL,
  `Cliente` bigint(100) NOT NULL,
  `Item` varchar(200) NOT NULL,
  `Cantidad` int(111) NOT NULL,
  `Descuento` decimal(20,8) NOT NULL,
  `Precio` decimal(20,8) NOT NULL,
  `Impuesto` varchar(50) NOT NULL
) ENGINE=InnoDB DEFAULT CHARSET=latin1;

--
-- Volcado de datos para la tabla `detalles`
--

INSERT INTO `detalles` (`Id`, `NumeroFactura`, `Cliente`, `Item`, `Cantidad`, `Descuento`, `Precio`, `Impuesto`) VALUES
(2024, 542, 106160193, '1000054962', 1, '99.99999999', '99.99999999', '(G)'),
(2025, 542, 106160193, '10015', 1, '99.99999999', '99.99999999', '(G)'),
(2026, 542, 106160193, '1001500', 1, '99.99999999', '99.99999999', '(G)'),
(2027, 543, 106160193, '1000054962', 1, '254.00000000', '575.00000000', '(G)'),
(2028, 543, 106160193, '10015', 1, '25575.00000000', '57800.00000000', '(G)'),
(2029, 543, 106160193, '1001500', 1, '663.00000000', '1500.00000000', '(G)'),
(2030, 544, 106510370, '1001509', 1, '3977.00000000', '8990.00000000', '(G)'),
(2031, 544, 106510370, '1001600', 1, '707.00000000', '1600.00000000', '(G)'),
(2032, 544, 106510370, '1001600', 1, '707.00000000', '1600.00000000', '(G)'),
(2033, 544, 106510370, '1001800', 1, '796.00000000', '1800.00000000', '(G)'),
(2034, 544, 106510370, '1001900', 1, '840.00000000', '1900.00000000', '(G)'),
(2035, 544, 106510370, '1001950', 1, '862.00000000', '1950.00000000', '(G)'),
(2036, 544, 106510370, '100226326', 1, '4823.00000000', '10900.00000000', '(G)'),
(2037, 545, 105491000, '100226326', 1, '4823.00000000', '10900.00000000', '(G)'),
(2038, 546, 105491000, '1000054962', 1, '254.00000000', '575.00000000', '(G)'),
(2039, 547, 106160193, '1000054962', 1, '254.00000000', '575.00000000', '(G)'),
(2040, 548, 0, '1000054962', 1, '254.42000000', '575.00000000', '(G)'),
(2049, 549, 105491000, '1002500', 1, '1106.19000000', '2500.00000000', '(G)'),
(2050, 549, 105491000, '100226326', 1, '4823.01000000', '10900.00000000', '(G)'),
(2051, 549, 105491000, '1002500', 1, '1106.19000000', '2500.00000000', '(G)'),
(2052, 549, 105491000, '1002890', 1, '1278.76000000', '2890.00000000', '(G)'),
(2053, 549, 105491000, '1002890', 1, '1278.76000000', '2890.00000000', '(G)'),
(2054, 549, 105491000, '1003590', 1, '1588.50000000', '3590.00000000', '(G)'),
(2055, 549, 105491000, '1003780', 1, '1672.57000000', '3780.00000000', '(G)'),
(2056, 549, 105491000, '1003890', 1, '1761.06000000', '3980.00000000', '(G)'),
(2057, 5410, 106160193, '1003780', 1, '1672.56637168', '3780.00000000', '1890'),
(2058, 5410, 106160193, '1003890', 1, '1761.06194690', '3980.00000000', '1989.99999999999'),
(2059, 5410, 106160193, '1003950', 1, '1747.78761062', '3950.00000000', '1975'),
(2060, 5410, 106160193, '1003980', 1, '1761.06194690', '3980.00000000', '1989.99999999999'),
(2064, 5411, 105491000, '1000054962', 1, '254.42477876', '575.00000000', '287.5'),
(2065, 5412, 107020610, '1003950', 1, '1747.78761062', '3950.00000000', '(G)'),
(2066, 5412, 107020610, '1003980', 1, '1761.06194690', '3980.00000000', '(G)'),
(2067, 5412, 107020610, '1003990', 1, '1765.48672566', '3990.00000000', '(G)'),
(2068, 5412, 107020610, '1003990', 1, '1765.48672566', '3990.00000000', '(G)'),
(2069, 5413, 0, '1000054962', 1, '287.50000000', '575.00000000', '(G)'),
(2070, 5413, 0, '10013', 1, '21250.00000000', '42500.00000000', '(G)'),
(2071, 5413, 0, '10015', 1, '28900.00000000', '57800.00000000', '(G)'),
(2072, 5413, 0, '1001500', 1, '750.00000000', '1500.00000000', '(G)'),
(2073, 5413, 0, '1001509', 1, '4495.00000000', '8990.00000000', '(G)'),
(2074, 5413, 0, '1001600', 1, '800.00000000', '1600.00000000', '(G)'),
(2075, 5413, 0, '1001800', 1, '900.00000000', '1800.00000000', '(G)'),
(2076, 5413, 0, '1001900', 1, '950.00000000', '1900.00000000', '(G)'),
(2077, 5413, 0, '1001950', 1, '975.00000000', '1950.00000000', '(G)'),
(2078, 5413, 0, '100226326', 1, '5450.00000000', '10900.00000000', '(G)'),
(2099, 5414, 0, '1000054962', 1, '287.50000000', '575.00000000', '(G)'),
(2100, 5414, 0, '10013', 1, '21250.00000000', '42500.00000000', '(G)'),
(2101, 5414, 0, '10015', 1, '28900.00000000', '57800.00000000', '(G)'),
(2102, 5414, 0, '1001500', 1, '750.00000000', '1500.00000000', '(G)'),
(2103, 5414, 0, '1001509', 1, '4495.00000000', '8990.00000000', '(G)'),
(2104, 5414, 0, '1001600', 1, '800.00000000', '1600.00000000', '(G)'),
(2105, 5414, 0, '1001800', 1, '900.00000000', '1800.00000000', '(G)'),
(2106, 5414, 0, '1001900', 1, '950.00000000', '1900.00000000', '(G)'),
(2107, 5414, 0, '1001950', 1, '975.00000000', '1950.00000000', '(G)'),
(2108, 5414, 0, '100226326', 1, '5450.00000000', '10900.00000000', '(G)'),
(2109, 5415, 0, '1000054962', 1, '287.50000000', '575.00000000', '(G)'),
(2110, 5415, 0, '10013', 1, '21250.00000000', '42500.00000000', '(G)'),
(2111, 5415, 0, '10015', 1, '28900.00000000', '57800.00000000', '(G)'),
(2112, 5415, 0, '1001500', 1, '750.00000000', '1500.00000000', '(G)'),
(2113, 5415, 0, '1001509', 1, '4495.00000000', '8990.00000000', '(G)'),
(2114, 5415, 0, '1001600', 1, '800.00000000', '1600.00000000', '(G)'),
(2115, 5415, 0, '1001800', 1, '900.00000000', '1800.00000000', '(G)'),
(2116, 5415, 0, '1001900', 1, '950.00000000', '1900.00000000', '(G)'),
(2117, 5415, 0, '1001950', 1, '975.00000000', '1950.00000000', '(G)'),
(2118, 5415, 0, '100226326', 1, '5450.00000000', '10900.00000000', '(G)'),
(2119, 5416, 0, '1000054962', 1, '287.50000000', '575.00000000', '(G)'),
(2120, 5417, 0, '1000054962', 1, '287.50000000', '575.00000000', '(G)'),
(2121, 5418, 0, '1000054962', 1, '287.50000000', '575.00000000', '(G)'),
(2122, 5419, 0, '1000054962', 1, '287.50000000', '575.00000000', '(G)'),
(2123, 5420, 0, '1000054962', 1, '287.50000000', '575.00000000', '(G)'),
(2124, 5420, 0, '10013', 1, '21250.00000000', '42500.00000000', '(G)'),
(2125, 5420, 0, '10015', 1, '28900.00000000', '57800.00000000', '(G)'),
(2126, 5420, 0, '1001500', 1, '750.00000000', '1500.00000000', '(G)'),
(2127, 5420, 0, '1001509', 1, '4495.00000000', '8990.00000000', '(G)'),
(2128, 5420, 0, '1001600', 1, '800.00000000', '1600.00000000', '(G)'),
(2129, 5421, 0, '1000054962', 1, '287.50000000', '575.00000000', '287.5'),
(2130, 5422, 106160193, '10013', 1, '21250.00000000', '42500.00000000', '(G)'),
(2131, 5422, 106160193, '10015', 1, '28900.00000000', '57800.00000000', '(G)'),
(2132, 5422, 106160193, '1001500', 1, '750.00000000', '1500.00000000', '(G)'),
(2133, 5423, 0, '1001800', 1, '900.00000000', '1800.00000000', '(G)'),
(2134, 5423, 0, '1001900', 1, '950.00000000', '1900.00000000', '(G)'),
(2135, 5424, 0, '1000054962', 1, '287.50000000', '575.00000000', '(G)'),
(2136, 5425, 0, '1001500', 1, '750.00000000', '1500.00000000', '(G)'),
(2137, 5425, 0, '1001509', 1, '4495.00000000', '8990.00000000', '(G)'),
(2138, 5426, 105491000, '10013', 1, '21250.00000000', '42500.00000000', '21250'),
(2139, 5426, 105491000, '10013', 1, '21250.00000000', '42500.00000000', '21250'),
(2140, 5426, 105491000, '10015', 1, '28900.00000000', '57800.00000000', '28900'),
(2141, 5427, 106290135, '1001500', 1, '750.00000000', '1500.00000000', '750'),
(2142, 5427, 106290135, '1001509', 1, '4495.00000000', '8990.00000000', '4495'),
(2143, 5427, 106290135, '1001600', 1, '800.00000000', '1600.00000000', '800'),
(2144, 5427, 106290135, '1001800', 1, '900.00000000', '1800.00000000', '900'),
(2145, 5428, 106160193, '10013', 1, '21250.00000000', '42500.00000000', '21250'),
(2146, 5428, 106160193, '10015', 1, '28900.00000000', '57800.00000000', '28900'),
(2147, 5428, 106160193, '1001500', 1, '750.00000000', '1500.00000000', '750'),
(2148, 1429, 105491000, '1001500', 1, '750.00000000', '1500.00000000', '750'),
(2149, 1429, 105491000, '1001509', 1, '4495.00000000', '8990.00000000', '4495'),
(2150, 1430, 0, '1001800', 1, '900.00000000', '1800.00000000', '900'),
(2151, 1430, 0, '1001900', 1, '950.00000000', '1900.00000000', '950'),
(2152, 1430, 0, '1001900', 1, '950.00000000', '1900.00000000', '950'),
(2153, 1431, 105491000, '10013', 1, '21250.00000000', '42500.00000000', '(G)'),
(2154, 1431, 105491000, '10015', 1, '28900.00000000', '57800.00000000', '(G)'),
(2155, 1431, 105491000, '1001500', 1, '750.00000000', '1500.00000000', '(G)'),
(2156, 1431, 105491000, '1001600', 1, '800.00000000', '1600.00000000', '(G)');

-- --------------------------------------------------------

--
-- Estructura de tabla para la tabla `detallessales`
--

CREATE TABLE `detallessales` (
  `Id` int(111) NOT NULL,
  `NumeroFactura` int(111) NOT NULL,
  `Cliente` bigint(100) NOT NULL,
  `Item` varchar(200) NOT NULL,
  `Cantidad` int(111) NOT NULL,
  `Descuento` decimal(20,8) NOT NULL,
  `Precio` decimal(20,8) NOT NULL,
  `Impuesto` varchar(50) NOT NULL
) ENGINE=InnoDB DEFAULT CHARSET=latin1;

--
-- Volcado de datos para la tabla `detallessales`
--

INSERT INTO `detallessales` (`Id`, `NumeroFactura`, `Cliente`, `Item`, `Cantidad`, `Descuento`, `Precio`, `Impuesto`) VALUES
(1, 41, 0, '1000054962', 1, '254.42477876', '575.00000000', '(G)'),
(2, 41, 0, '10013', 1, '18805.30973451', '42500.00000000', '(G)'),
(3, 41, 0, '10015', 1, '25575.22123894', '57800.00000000', '(G)'),
(4, 41, 0, '1001500', 1, '663.71681416', '1500.00000000', '(G)'),
(5, 41, 0, '1001509', 1, '3977.87610619', '8990.00000000', '(G)'),
(6, 41, 0, '1001600', 1, '707.96460177', '1600.00000000', '(G)'),
(7, 41, 0, '1001800', 1, '796.46017699', '1800.00000000', '(G)'),
(8, 41, 0, '1001900', 1, '840.70796460', '1900.00000000', '(G)'),
(9, 41, 0, '1001950', 1, '862.83185841', '1950.00000000', '(G)'),
(10, 41, 0, '100226326', 1, '4823.00884956', '10900.00000000', '(G)'),
(11, 142, 0, '10013', 1, '18805.30973451', '42500.00000000', '(G)'),
(12, 142, 0, '10015', 1, '25575.22123894', '57800.00000000', '(G)'),
(13, 142, 0, '1001500', 1, '663.71681416', '1500.00000000', '(G)'),
(14, 142, 0, '1001509', 1, '3977.87610619', '8990.00000000', '(G)'),
(15, 143, 0, '1000054962', 1, '287.50000000', '575.00000000', '(G)'),
(16, 144, 0, '1001509', 1, '4495.00000000', '8990.00000000', '(G)'),
(17, 144, 0, '1001600', 1, '800.00000000', '1600.00000000', '(G)'),
(18, 144, 0, '1001800', 1, '900.00000000', '1800.00000000', '(G)'),
(19, 144, 0, '1001900', 1, '950.00000000', '1900.00000000', '(G)'),
(20, 141, 0, '1002890', 1, '1445.00000000', '2890.00000000', '(G)'),
(21, 141, 0, '1002900', 1, '1450.00000000', '2900.00000000', '(G)'),
(22, 141, 0, '1002950', 1, '1475.00000000', '2950.00000000', '(G)'),
(23, 141, 0, '1002990', 1, '1495.00000000', '2990.00000000', '(G)'),
(24, 141, 0, '1003590', 1, '1795.00000000', '3590.00000000', '(G)'),
(25, 146, 0, '1001500', 1, '750.00000000', '1500.00000000', '(G)'),
(26, 147, 0, '1000054962', 1, '287.50000000', '575.00000000', '(G)'),
(27, 148, 0, '1000054962', 1, '287.50000000', '575.00000000', '(G)'),
(28, 148, 0, '1000054962', 1, '287.50000000', '575.00000000', '(G)'),
(29, 149, 0, '1000054962', 1, '287.50000000', '575.00000000', '(G)'),
(30, 1410, 0, '1000054962', 1, '287.50000000', '575.00000000', '(G)'),
(31, 1410, 0, '1000054962', 1, '287.50000000', '575.00000000', '(G)'),
(32, 1411, 0, '1000054962', 1, '287.50000000', '575.00000000', '(G)'),
(33, 1412, 0, '1000054962', 1, '287.50000000', '575.00000000', '(G)'),
(34, 1412, 0, '10013', 1, '21250.00000000', '42500.00000000', '(G)'),
(35, 1412, 0, '10015', 1, '28900.00000000', '57800.00000000', '(G)'),
(36, 1413, 0, '1000054962', 1, '287.50000000', '575.00000000', '(G)'),
(37, 1414, 0, '1000054962', 1, '287.50000000', '575.00000000', '(G)'),
(38, 1411, 0, '1001800', 1, '900.00000000', '1800.00000000', '(G)'),
(39, 1411, 0, '1001900', 1, '950.00000000', '1900.00000000', '(G)'),
(40, 1411, 0, '1001950', 1, '975.00000000', '1950.00000000', '(G)'),
(41, 1416, 0, '10013', 1, '21250.00000000', '42500.00000000', '(G)'),
(42, 1416, 0, '10015', 1, '28900.00000000', '57800.00000000', '(G)'),
(43, 1416, 0, '1001500', 1, '750.00000000', '1500.00000000', '(G)'),
(44, 5415, 0, '10015', 1, '28900.00000000', '57800.00000000', '(G)'),
(45, 5416, 0, '10015', 1, '28900.00000000', '57800.00000000', '(G)'),
(46, 5417, 0, '1001600', 1, '800.00000000', '1600.00000000', '(G)'),
(47, 5418, 0, '10015', 1, '28900.00000000', '57800.00000000', '(G)');

-- --------------------------------------------------------

--
-- Estructura de tabla para la tabla `factura`
--

CREATE TABLE `factura` (
  `Numero` int(111) NOT NULL,
  `Fecha` datetime NOT NULL,
  `Cliente` bigint(100) NOT NULL,
  `Total` decimal(20,8) NOT NULL,
  `CodigoCajero` int(111) NOT NULL,
  `TipoPago` varchar(40) NOT NULL,
  `NumerodeComprobante` varchar(50) NOT NULL,
  `CodigoVendedor` int(111) NOT NULL,
  `Tipo` varchar(50) NOT NULL
) ENGINE=InnoDB DEFAULT CHARSET=latin1;

--
-- Volcado de datos para la tabla `factura`
--

INSERT INTO `factura` (`Numero`, `Fecha`, `Cliente`, `Total`, `CodigoCajero`, `TipoPago`, `NumerodeComprobante`, `CodigoVendedor`, `Tipo`) VALUES
(141, '2018-12-04 00:00:00', 0, '100.00000000', 4, 'Efectivo', '0', 6, 'Factura'),
(542, '2018-12-04 23:13:40', 106160193, '29937.00000000', 4, 'Efectivo', '0', 1, 'Factura'),
(543, '2018-12-04 23:18:12', 106160193, '29937.00000000', 4, 'Efectivo', '0', 1, 'Factura'),
(544, '2018-12-04 23:18:39', 106510370, '14370.00000000', 4, 'Efectivo', '0', 1, 'Factura'),
(545, '2018-12-04 23:28:38', 105491000, '5449.00000000', 4, 'Efectivo', '0', 1, 'Factura'),
(546, '2018-12-04 23:29:48', 105491000, '287.00000000', 4, 'Efectivo', '0', 1, 'Factura'),
(547, '2018-12-04 23:31:26', 106160193, '287.50000000', 4, 'Efectivo', '0', 1, 'Factura'),
(548, '2018-12-05 09:38:12', 0, '287.50000000', 4, 'Tarjeta', '0', 1, 'Factura'),
(549, '2018-12-05 13:15:15', 105491000, '16515.00000000', 4, 'Tarjeta', '0', 1, 'Factura'),
(1429, '2018-12-20 15:55:07', 105491000, '5245.00000000', 4, 'Tarjeta', '4324', 1, 'Apartado'),
(1430, '2018-12-20 16:15:24', 0, '2800.00000000', 4, 'Tarjeta', '13241', 1, 'Apartado'),
(1431, '2018-12-21 10:51:44', 105491000, '51700.00000000', 4, 'Efectivo', '0', 1, 'Factura'),
(5410, '2018-12-05 13:16:37', 106160193, '7845.00000000', 4, 'Efectivo', '0', 1, 'Apartado'),
(5411, '2018-12-05 13:25:47', 105491000, '287.50000000', 4, 'Efectivo', '0', 1, 'Apartado'),
(5412, '2018-12-07 09:44:59', 107020610, '7955.00000000', 4, 'Tarjeta', '0', 1, 'Factura'),
(5413, '2018-12-07 12:05:24', 0, '64757.50000000', 4, 'Tarjeta', '0', 1, 'Factura'),
(5414, '2018-12-07 12:47:52', 0, '64757.50000000', 4, 'Tarjeta', '0', 1, 'Factura'),
(5415, '2018-12-07 12:55:20', 0, '64757.50000000', 4, 'Tarjeta', '0', 1, 'Factura'),
(5416, '2018-12-07 14:42:26', 0, '287.50000000', 4, 'Tarjeta', '0', 1, 'Factura'),
(5417, '2018-12-07 14:50:13', 0, '287.50000000', 4, 'Tarjeta', '0', 1, 'Factura'),
(5418, '2018-12-07 14:58:00', 0, '287.50000000', 4, 'Tarjeta', '0', 1, 'Factura'),
(5419, '2018-12-10 22:55:13', 0, '287.50000000', 4, 'Tarjeta', '0', 1, 'Factura'),
(5420, '2018-12-10 23:45:03', 0, '56482.50000000', 4, 'Tarjeta', '0', 1, 'Factura'),
(5421, '2018-12-11 09:40:27', 0, '287.50000000', 4, 'Efectivo', '0', 1, 'Apartado'),
(5422, '2018-12-20 14:52:25', 106160193, '50900.00000000', 4, 'Tarjeta', '0', 1, 'Factura'),
(5423, '2018-12-20 14:52:54', 0, '1850.00000000', 4, 'Tarjeta', '0', 1, 'Factura'),
(5424, '2018-12-20 15:04:17', 0, '287.50000000', 4, 'Tarjeta', '1234', 1, 'Factura'),
(5425, '2018-12-20 15:04:57', 0, '5245.00000000', 4, 'Tarjeta', '2343', 1, 'Factura'),
(5426, '2018-12-20 15:50:04', 105491000, '71400.00000000', 4, 'Efectivo', '0', 1, 'Apartado'),
(5427, '2018-12-20 15:50:52', 106290135, '6945.00000000', 4, 'Tarjeta', '1234', 1, 'Apartado'),
(5428, '2018-12-20 15:52:27', 106160193, '50900.00000000', 4, 'Tarjeta', '2444', 1, 'Apartado');

-- --------------------------------------------------------

--
-- Estructura de tabla para la tabla `hacienda`
--

CREATE TABLE `hacienda` (
  `Clave` varchar(100) NOT NULL,
  `Consecutivo` varchar(50) NOT NULL,
  `Comprobante` int(111) NOT NULL
) ENGINE=InnoDB DEFAULT CHARSET=latin1;

--
-- Volcado de datos para la tabla `hacienda`
--

INSERT INTO `hacienda` (`Clave`, `Consecutivo`, `Comprobante`) VALUES
('50604121800310267146900200001010000001464115482029', '00200001010000001464', 5412),
('50603121800310267146900100001010000001425114002253', '00100001010000001425', 0),
('50603121800310267146900100001010000001425114002253', '00100001010000001425', 0),
('50604121800310267146900200001010000001465127233960', '00200001010000001465', 544),
('50603121800310267146900100001010000001425114002253', '00100001010000001425', 0),
('50603121800310267146900100001010000001425114002253', '00100001010000001425', 0),
('50603121800310267146900100001010000001425114002253', '00100001010000001425', 0),
('50603121800310267146900100001010000001425114002253', '00100001010000001425', 0),
('50603121800310267146900100001010000001425114002253', '00100001010000001425', 0),
('50603121800310267146900100001010000001425114002253', '00100001010000001425', 0),
('50603121800310267146900100001010000001425114002253', '00100001010000001425', 0),
('50603121800310267146900100001010000001425114002253', '00100001010000001425', 0),
('50603121800310267146900100001010000001425114002253', '00100001010000001425', 0),
('50603121800310267146900100001010000001425114002253', '00100001010000001425', 0),
('50603121800310267146900100001010000001425114002253', '00100001010000001425', 0),
('50604121800310267146900200001010000001466169734373', '00200001010000001466', 542),
('50604121800310267146900200001010000001467105837039', '00200001010000001467', 543),
('50604121800310267146900200001010000001465127233960', '00200001010000001465', 544),
('50604121800310267146900200001010000001468132970326', '00200001010000001468', 545),
('50604121800310267146900200001010000001469162072885', '00200001010000001469', 546),
('50603121800310267146900100001010000001425114002253', '00100001010000001425', 0),
('50605121800310267146900200001040000000765128175379', '00200001040000000765', 548),
('50605121800310267146900200001010000001481100550985', '00200001010000001481', 549),
('50605121800310267146900200001010000001482175313824', '00200001010000001482', 5410),
('50605121800310267146900200001010000001483106694704', '00200001010000001483', 5411),
('50607121800310267146900200001010000001497150298074', '00200001010000001497', 5412),
('50607121800310267146900200001040000000922102367805', '00200001040000000922', 5413),
('50607121800310267146900200001040000000924149835803', '00200001040000000924', 5414),
('50607121800310267146900200001040000000927127997052', '00200001040000000927', 5415),
('50607121800310267146900200001040000000928103143408', '00200001040000000928', 5416),
('50607121800310267146900200001040000000929116635142', '00200001040000000929', 5417),
('50607121800310267146900200001040000000930195761457', '00200001040000000930', 5418),
('50610121800310267146900200001040000000935148888288', '00200001040000000935', 5419),
('50610121800310267146900200001040000000936193377413', '00200001040000000936', 5420),
('50611121800310267146900200001040000000937195906111', '00200001040000000937', 5421),
('50620121800310267146900100001010000001795161456834', '00100001010000001795', 5422),
('50620121800310267146900100001040000000967102554363', '00100001040000000967', 5423),
('50620121800310267146900100001040000000968182641157', '00100001040000000968', 5424),
('50620121800310267146900100001040000000969102013362', '00100001040000000969', 5425),
('50620121800310267146900100001010000001800127152765', '00100001010000001800', 5426),
('50620121800310267146900100001010000001801148569177', '00100001010000001801', 5427),
('50620121800310267146900100001010000001802102985843', '00100001010000001802', 5428),
('50620121800310267146900100001010000001803178727884', '00100001010000001803', 5429),
('50620121800310267146900100001040000000972150065486', '00100001040000000972', 1430),
('50621121800310267146900100001010000001805193334505', '00100001010000001805', 1431),
('50621121800310267146900100001010000001805193334505', '00200001040000000937', 0),
('50621121800310267146900100001010000001805193334505', '00200001040000000938', 0),
('50621121800310267146900100001010000001805193334505', '00200001040000000938', 0),
('50621121800310267146900100001010000001805193334505', '00200001040000000938', 0),
('50621121800310267146900100001010000001805193334505', '00200001040000000938', 0),
('50621121800310267146900100001010000001805193334505', '00200001040000000938', 0),
('50621121800310267146900100001010000001805193334505', '00200001040000000938', 0);

-- --------------------------------------------------------

--
-- Estructura de tabla para la tabla `items`
--

CREATE TABLE `items` (
  `Barcode` varchar(200) NOT NULL,
  `Descripcion` varchar(200) NOT NULL,
  `Impuesto` varchar(200) NOT NULL,
  `Precio` double(10,2) NOT NULL,
  `OnHand` int(111) NOT NULL,
  `Costo` double NOT NULL,
  `Marca` varchar(200) NOT NULL,
  `Talla` varchar(50) NOT NULL,
  `Familia` varchar(200) NOT NULL,
  `Estilo` varchar(200) NOT NULL,
  `Genero` varchar(50) NOT NULL
) ENGINE=InnoDB DEFAULT CHARSET=latin1;

--
-- Volcado de datos para la tabla `items`
--

INSERT INTO `items` (`Barcode`, `Descripcion`, `Impuesto`, `Precio`, `OnHand`, `Costo`, `Marca`, `Talla`, `Familia`, `Estilo`, `Genero`) VALUES
('1000054962', 'ren', 'Impuesto', 575.00, 85, 54, 'fcrf', 'teydx', 'trdc', 'gfc', 'YRFCYTV'),
('10013', 'TENI', 'Impuesto', 42500.00, 49, 1, 'PUMA', 'UN', 'SALDO', 'TENI', 'MUJER'),
('10015', 'TENI', 'Impuesto', 57800.00, 5, 1, 'NIKE', 'UN', 'SALDO', 'TENI', 'MUJER'),
('1001500', 'HULE', 'Impuesto', 1500.00, 58, 1, 'VARIOS', 'UN', 'IMPORTADO', 'TENI', 'VARIOS'),
('1001509', 'MUÑECA', 'Impuesto', 8990.00, 58, 1, 'NAOMI', 'UN', 'SALDO', 'MUÑECA', 'MUJER'),
('1001600', 'HULE', 'Impuesto', 1600.00, 60, 1, '(en blanco)', 'UN', 'HULE', '(en blanco)', 'UN'),
('1001800', 'HULE', 'Impuesto', 1800.00, 44, 1, 'VARIOS', 'UN', 'IMPORTADO', 'TENI', 'VARIOS'),
('1001900', 'HULE', 'Impuesto', 1900.00, 70, 1, 'VARIOS', 'UN', 'IMPORTADO', 'TENI', 'VARIOS'),
('1001950', 'HULE', 'Impuesto', 1950.00, 75, 1, 'VARIOS', 'UN', 'IMPORTADO', 'TENI', 'VARIOS'),
('100226326', 'TENI', 'Impuesto', 10900.00, 64, 1, 'DELTA', 'UN', 'SALDO', 'TENI', 'MUJER'),
('1002500', 'HULE', 'Impuesto', 2500.00, 68, 1, 'VARIOS', 'UN', 'IMPORTADO', 'TENI', 'VARIOS'),
('1002590', 'HULE', 'Impuesto', 2590.00, 72, 1, 'VARIOS', 'UN', 'IMPORTADO', 'TENI', 'VARIOS'),
('1002890', 'HULE', 'Impuesto', 2890.00, 70, 1, 'VARIOS', 'UN', 'IMPORTADO', 'TENI', 'VARIOS'),
('1002900', 'HULE', 'Impuesto', 2900.00, 69, 1, 'VARIOS', 'UN', 'IMPORTADO', 'TENI', 'VARIOS'),
('1002950', 'HULE', 'Impuesto', 2950.00, 69, 1, 'VARIOS', 'UN', 'IMPORTADO', 'TENI', 'VARIOS'),
('1002990', 'HULE', 'Impuesto', 2990.00, 106, 1, 'VARIOS', 'UN', 'IMPORTADO', 'TENI', 'VARIOS'),
('1003590', 'HULE', 'Impuesto', 3590.00, 77, 1, 'VARIOS', 'UN', 'IMPORTADO', 'TENI', 'VARIOS'),
('1003780', 'HULE', 'Impuesto', 3780.00, 103, 1, 'VARIOS', 'UN', 'IMPORTADO', 'TENI', 'VARIOS'),
('1003890', 'HULE', 'Impuesto', 3980.00, 276, 1, 'HULE', 'UN', 'SALDO', 'MUJER', 'MUJER'),
('1003950', 'HULE', 'Impuesto', 3950.00, 213, 1, 'VARIOS', 'UN', 'IMPORTADO', 'TENI', 'VARIOS'),
('1003980', 'HULE', 'Impuesto', 3980.00, 969, 1, 'HULE', 'UN', 'HULE', 'HULE', 'HULE'),
('1003990', 'HULE', 'Impuesto', 3990.00, 66, 1, '(en blanco)', 'UN', 'HULE', '(en blanco)', 'UN'),
('1004590', 'HULE', 'Impuesto', 4590.00, 256, 1, 'VARIOS', 'UN', 'IMPORTADO', 'TENI', 'VARIOS'),
('1004890', 'HULE', 'Impuesto', 4890.00, 137, 1, 'VARIOS', 'UN', 'IMPORTADO', 'TENI', 'VARIOS'),
('1004990', 'HULE', 'Impuesto', 4990.00, 80, 1, 'VARIOS', 'UN', 'IMPORTADO', 'TENI', 'VARIOS'),
('100526', 'SANDALIA', 'Impuesto', 16900.00, 71, 1, 'VIA SCARPA', 'UN', 'NACIONAL', 'SANDALIA', 'MUJER'),
('1005990', 'LONA', 'Impuesto', 5990.00, 51, 1, 'VARIOS', 'UN', 'IMPORTADO', 'TENI', 'UNISEX'),
('100781', 'BOTA', 'Impuesto', 36900.00, 52, 1, 'JLO', 'UN', 'SALDO', 'BOTA', 'MUJER'),
('10102015008', 'niño', 'Impuesto', 14900.00, 52, 1, 'TOTONY', 'UN', 'SALDO', 'NIÑO', 'HOMBRE'),
('10116590', 'TENNI', 'Impuesto', 16590.00, 51, 1, 'EUROS', 'UN', 'SALDO', 'FUT SALA', 'HOMBRE'),
('10119590', 'TACO', 'Impuesto', 19590.00, 54, 1, 'EUROS', 'UN', 'SALDO', 'TACO', 'HOMBRE'),
('10119990', 'TACO', 'Impuesto', 19990.00, 53, 1, 'EUROS', 'UN', 'SALDO', 'FUTBOL', 'HOMBRE'),
('10120990', 'TACO', 'Impuesto', 20990.00, 51, 1, 'EUROS', 'UN', 'SALDO', 'FUTBOL', 'HOMBRE'),
('10121990', 'TACO', 'Impuesto', 21990.00, 51, 1, 'EUROS', 'UN', 'SALDO', 'FUTBOL', 'HOMBRE'),
('101587', 'CUÑA', 'Impuesto', 16900.00, 52, 1, 'MOLECA', 'UN', 'SALDO', 'CUÑA', 'MUJER'),
('102020112400', 'MUJER', 'Impuesto', 22990.00, 53, 1, 'vario', 'UN', 'zapato', 'MUJER', 'MUJER'),
('102021212396', 'TACON', 'Impuesto', 22990.00, 53, 1, 'VARIOS', 'UN', 'SALDO', 'TACON', 'MUJER'),
('102033112215', 'SANDALIA', 'Impuesto', 11990.00, 60, 1, 'SANDALIA', 'UN', 'SALDO', 'SANDALIA', 'MUJER'),
('102034', 'PLATAFORMA', 'Impuesto', 24490.00, 51, 1, 'azille', 'UN', 'SALDO', 'PLATAFORMA', 'MUJER'),
('102038', 'TENI', 'Impuesto', 4900.00, 53, 1, 'SHUT', 'UN', 'SALDO', 'TENI', 'MUJER'),
('102040', 'BOTA', 'Impuesto', 14990.00, 60, 1, 'AMULET', 'UN', 'NACIONAL', 'BOTA', 'MUJER'),
('102041', 'BOTA', 'Impuesto', 20900.00, 51, 1, 'PROMISE', 'UN', 'SALDO', 'BOTA', 'MUJER'),
('102042', 'TENI', 'Impuesto', 17900.00, 52, 1, 'OP', 'UN', 'SALDO', 'TENI', 'HOMBRE'),
('102044', 'TENI', 'Impuesto', 26500.00, 74, 1, 'OP', 'UN', 'SALDO', 'TENI', 'HOMBRE'),
('102047', 'BOTA', 'Impuesto', 27500.00, 51, 1, 'BAMBOO', 'UN', 'SALDO', 'BOTA', 'MUJER'),
('102050', 'BOTA', 'Impuesto', 41900.00, 52, 1, 'MUSSI', 'UN', 'SALDO', 'BOTA', 'MUJER'),
('102051', 'BOTA', 'Impuesto', 19900.00, 52, 1, 'DANETY', 'UN', 'SALDO', 'BOTA', 'MUJER'),
('102051112224', 'MUÑECA', 'Impuesto', 9590.00, 88, 1, 'VALERIE', 'UN', 'SALDO', 'MUÑECA', 'MUJER'),
('102052112221', 'MUÑECA', 'Impuesto', 13590.00, 60, 1, 'VALERIE', 'UN', 'SALDO', 'MUÑECA', 'MUJER'),
('102053212232', 'MUÑECA', 'Impuesto', 11990.00, 71, 1, 'VALERIE', 'UN', 'SALDO', 'MUÑECA', 'MUJER'),
('102054', 'BOTA', 'Impuesto', 22600.00, 53, 1, 'DANETY', 'UN', 'SALDO', 'BOTA', 'MUJER'),
('102057', 'TACO', 'Impuesto', 19990.00, 51, 1, 'EUROS', 'UN', 'NACIONAL', 'TACO', 'HOMBRE'),
('102059', 'TENI', 'Impuesto', 19990.00, 50, 1, 'EUROS', 'UN', 'SALDO', 'ZAPATILLA', 'HOMBRE'),
('102060', 'TENI', 'Impuesto', 18900.00, 178, 1, 'UF', 'UN', 'SALDO', 'TENI', 'HOMBRE'),
('102061', 'TACON', 'Impuesto', 20300.00, 55, 1, 'DEL BARCO', 'UN', 'SALDO', 'TACON', 'MUJER'),
('102062', 'TENI', 'Impuesto', 29900.00, 53, 1, 'FILA', 'UN', 'SALDO', 'TENI', 'HOMBRE'),
('10212769', 'PLATAFORMA', 'Impuesto', 15900.00, 134, 1, 'MUJER', 'UN', 'SALDO', 'MUJER', 'VARIOS'),
('10212912', 'PLATAFORMA', 'Impuesto', 18900.00, 136, 1, 'MUJER', 'UN', 'SALDO', 'MUJER', 'VARIOS'),
('10212914', 'PLATAFORMA', 'Impuesto', 17590.00, 80, 1, 'MUJER', 'UN', 'SALDO', 'MUJER', 'VARIOS'),
('10213121', 'PLATAFORMA', 'Impuesto', 17900.00, 71, 1, 'MUJER', 'UN', 'SALDO', 'MUJER', 'VARIOS'),
('1026096', 'CUÑA', 'Impuesto', 11900.00, 51, 1, 'BLINK', 'UN', 'SALDO', 'CUÑA', 'MUJER'),
('1026206', 'CUÑA', 'Impuesto', 13900.00, 84, 1, 'BLINK', 'UN', 'SALDO', 'CUÑA', 'MUJER'),
('1026210', 'CUÑA', 'Impuesto', 13900.00, 57, 1, 'BLINK', 'UN', 'SALDO', 'CUÑA', 'MUJER'),
('1026321', 'CUÑA', 'Impuesto', 13900.00, 110, 1, 'BLINK', 'UN', 'SALDO', 'CUÑA', 'MUJER'),
('10311900', 'TACO', 'Impuesto', 11900.00, 51, 1, 'EUROS', 'UN', 'SALDO', 'FUTBOL', 'HOMBRE'),
('10412500', 'TACO', 'Impuesto', 12500.00, 65, 1, 'SHUT', 'UN', 'SALDO', 'FUTBOL', 'HOMBRE'),
('10413900', 'TACO', 'Impuesto', 13900.00, 52, 1, 'EUROS', 'UN', 'SALDO', 'FUTBOL', 'HOMBRE'),
('10414500', 'TACO', 'Impuesto', 14500.00, 51, 1, 'EUROS', 'UN', 'SALDO', 'FUTBOL', 'HOMBRE'),
('10417190', 'TACO', 'Impuesto', 17190.00, 51, 1, 'EUROS', 'UN', 'SALDO', 'FUTBOL', 'HOMBRE'),
('10418590', 'TACO', 'Impuesto', 18590.00, 54, 1, 'EUROS', 'UN', 'SALDO', 'FUTBOL', 'HOMBRE'),
('10419590', 'TACO', 'Impuesto', 19590.00, 51, 1, 'EUROS', 'UN', 'SALDO', 'FUTBOL', 'HOMBRE'),
('10490111', 'niño', 'Impuesto', 10490.00, 51, 1, 'VARIOS', 'UN', 'SALDO', 'NIÑOS', 'NIÑOS'),
('10500', 'ZAPATO NIÑO', 'Impuesto', 10500.00, 58, 1, 'VARIOS', 'UN', 'VARIOS', 'VARIOS', 'NIÑO'),
('10521590', 'TACO', 'Impuesto', 21590.00, 50, 1, 'BIMONT', 'UN', 'SALDO', 'TACO', 'BOTIN'),
('1057', 'BOTA', 'Impuesto', 24500.00, 52, 1, 'AMULET', 'UN', 'SALDO', 'BOTA', 'MUJER'),
('1060818324', 'PLATAFORMA', 'Impuesto', 18990.00, 51, 1, 'BEIRA RIO', 'UN', 'SALDO', 'PLATAFORMA', 'MUJER'),
('10615990', 'TACO', 'Impuesto', 15990.00, 80, 1, 'RAZE', 'UN', 'SALDO', 'TACO', 'taco'),
('10621990', 'TACO', 'Impuesto', 21990.00, 51, 1, 'RAZE', 'UN', 'SALDO', 'TACO', 'HOMBRE'),
('10622590', 'TACO', 'Impuesto', 22590.00, 51, 1, 'RAZE', 'UN', 'SALDO', 'FUTBOL', 'HOMBRE'),
('10625', 'TENNI', 'Impuesto', 7990.00, 51, 1, 'WALK WAY', 'UN', 'IMPORTADO', 'LONA', 'UNISEX'),
('107704', 'TACO', 'Impuesto', 37900.00, 51, 1, 'TENI', 'UN', 'SALDO', 'TENI', 'HOMBRE'),
('10772', 'TENI', 'Impuesto', 18500.00, 67, 1, 'RUNNER', 'UN', 'SALDO', 'TENI', 'NIÑO'),
('10790111', 'niño', 'Impuesto', 10790.00, 52, 1, 'VARIOS', 'UN', 'SALDO', 'NIÑOS', 'NIÑOS'),
('10900', 'ZAPATO NIÑO', 'Impuesto', 10900.00, 60, 1, 'VARIOS', 'UN', 'VARIOS', 'VARIOS', 'NIÑO'),
('10900111', 'niño', 'Impuesto', 10900.00, 50, 1, 'NIÑOS', 'UN', 'SALDO', 'NIÑOS', 'NIÑOS'),
('10990111', 'niño', 'Impuesto', 10990.00, 56, 1, 'NIÑOS', 'UN', 'SALDO', 'NIÑOS', 'NIÑOS'),
('11000', 'ZAPATO NIÑO', 'Impuesto', 11000.00, 59, 1, 'VARIOS', 'UN', 'VARIOS', 'VARIOS', 'NIÑO'),
('111', 'detrdr', 'Impuesto', 5465.78, 7618, 67.67, 'fctrf', 'etdcytc', 'tcrt', 'trctffr', 'tycyu'),
('1111111738627', 'PLATAFORMA', 'Impuesto', 20500.00, 62, 1, 'azille', 'UN', 'SALDO', 'PLATAFORMA', 'MUJER'),
('1111111921845', 'CUÑA', 'Impuesto', 21900.00, 51, 1, 'azille', 'UN', 'SALDO', 'CUÑA', 'MUJER'),
('1111111922125', 'PLATAFORMA', 'Impuesto', 20900.00, 51, 1, 'azille', 'UN', 'SALDO', 'PLATAFORMA', 'MUJER'),
('1111112068624', 'PLATAFORMA', 'Impuesto', 23900.00, 63, 1, 'LUIZA SANTO', 'UN', 'SALDO', 'PLTAFORMA', 'MUJER'),
('1111112068976', 'SANDALIA', 'Impuesto', 20900.00, 50, 1, 'LUIZA', 'UN', 'SALDO', 'CUÑA', 'MUJER'),
('1111112069102', 'PLATAFORMA', 'Impuesto', 20500.00, 51, 1, 'LUIZA SANTO', 'UN', 'SALDO', 'PLTAFORMA', 'MUJER'),
('1111112069119', 'SANDALIAS', 'Impuesto', 20900.00, 52, 1, 'VARIAS', 'UN', 'SALDO', 'SANDALIAS', 'MUJER'),
('1111112069164', 'PLATAFORMA', 'Impuesto', 20900.00, 54, 1, 'LUIZA SANTO', 'UN', 'SALDO', 'PLTAFORMA', 'MUJER'),
('1111112222651', 'PLATAFORMA', 'Impuesto', 21990.00, 54, 1, 'azille', 'UN', 'SALDO', 'TENI', 'MUJER'),
('1111112222743', 'PLATAFORMA', 'Impuesto', 23500.00, 57, 1, 'azille', 'UN', 'SALDO', 'TENI', 'MUJER'),
('1111112223054', 'SANDALIAS', 'Impuesto', 23590.00, 54, 1, 'VARIAS', 'UN', 'SALDO', 'SANDALIAS', 'MUJER'),
('11129900', 'TENNI', 'Impuesto', 29900.00, 50, 1, 'OP', 'UN', 'SALDO', 'TENNI HOMBRE', 'HOMBRE'),
('1116900', 'SANDALIA', 'Impuesto', 6900.00, 51, 1, 'NIÑA', 'UN', 'SALDO', 'NIÑA', 'VARIOS'),
('111795452', 'ADIDAS', 'IMPUESTO', 61830.00, 56, 1, 'ADIDAS', 'UN', 'SALDO0', 'TENNY', 'UNISEX'),
('111795750', 'ADIDAS', 'IMPUESTO', 54830.00, 61, 1, 'ADIDAS', 'UN', 'SALDO0', 'TENNY', 'UNISEX'),
('111796026', 'TENI', 'Impuesto', 39900.00, 51, 1, 'REEBOK', 'UN', 'SALDO', 'RUNNIG', 'HOMBRE'),
('112', 'ZAPATO', 'Impuesto', 33500.00, 51, 1, 'BOTERO', 'UN', 'ZAPATILLA', 'NEGRA', 'HOMBRE'),
('11222900', 'TENI', 'Impuesto', 22900.00, 51, 1, 'OP', 'UN', 'SALDO', 'TENI OP HOMBRE', 'HOMBRE'),
('11300', 'ZAPATO NIÑO', 'Impuesto', 11300.00, 70, 1, 'VARIOS', 'UN', 'VARIOS', 'VARIOS', 'NIÑO'),
('11318900', 'TENNIS', 'Impuesto', 18900.00, 83, 1, 'OP', 'UN', 'SALDO', 'TENNIS', 'HOMBRE'),
('11419900', 'TENNI', 'Impuesto', 19900.00, 62, 1, 'OP', 'UN', 'SALDO', 'TENNI HOMBRE', 'HOMBRE'),
('11500', 'ZAPATO NIÑO', 'Impuesto', 11500.00, 58, 1, 'VARIOS', 'UN', 'VARIOS', 'VARIOS', 'NIÑO'),
('11500111', 'niño', 'Impuesto', 11500.00, 78, 1, 'VARIOS', 'UN', 'SALDO', 'NIÑOS', 'NIÑOS'),
('1150640450037', 'ZAPATO', 'Impuesto', 12900.00, 123, 1, 'VARIOS', 'UN', 'SALDO', 'NIÑOS', 'NIÑOS'),
('11523590', 'TENNI', 'Impuesto', 23590.00, 51, 1, 'OP', 'UN', 'SALDO', 'TENNI HOMBRE', 'HOMBRE'),
('1152820220119', 'TENI', 'Impuesto', 12800.00, 53, 1, 'RAZE', 'UN', 'TENI', 'TENI', 'MUJER'),
('1155110010520', 'TENI', 'Impuesto', 8900.00, 110, 1, 'RAZE', 'UN', 'SALDO', 'TENI', 'HOMBRE'),
('1155220040028', 'TENI', 'Impuesto', 9990.00, 51, 1, 'RAZE', 'UN', 'SALDO', 'TENI', 'MUJER'),
('1155840010036', 'ZAPATO', 'Impuesto', 10900.00, 66, 1, 'VARIOS', 'UN', 'SALDO', 'NIÑOS', 'NIÑOS'),
('11590', 'niño', 'Impuesto', 11590.00, 65, 1, 'BB CRECE', 'UN', 'NIÑO', 'TENNI', 'SALDO'),
('116329193', 'TENI', 'Impuesto', 59500.00, 52, 1, 'ADIDAS', 'UN', 'SALDO', 'TENI', 'HOMBRE'),
('11700', 'ZAPATO NIÑO', 'Impuesto', 11700.00, 52, 1, 'VARIOS', 'UN', 'VARIOS', 'VARIOS', 'NIÑO'),
('1171966', 'TENI', 'Impuesto', 13990.00, 64, 1, 'POLO', 'UN', 'SALDO', 'TENI', 'HOMBRE'),
('11725900', 'TENNI', 'Impuesto', 25900.00, 85, 1, 'OP', 'UN', 'SALDO', 'BLANCA VERDE', 'HOMBRE'),
('11800', 'ZAPATO NIÑO', 'Impuesto', 11800.00, 75, 1, 'VARIOS', 'UN', 'VARIOS', 'VARIOS', 'NIÑO'),
('11800111', 'niño', 'Impuesto', 11800.00, 51, 1, 'VARIOS', 'UN', 'SALDO', 'NIÑOS', 'NIÑOS'),
('11824900', 'TENNIS', 'Impuesto', 24900.00, 58, 1, 'OP', 'UN', 'SALDO', 'TENNIS', 'HOMBRE'),
('11890111', 'niño', 'Impuesto', 11890.00, 52, 1, 'VARIOS', 'UN', 'SALDO', 'NIÑOS', 'NIÑOS'),
('11900', 'niño', 'Impuesto', 11900.00, 227, 1, 'BB CRECE', 'UN', 'NIÑO', 'TENNI', 'SALDO'),
('11900111', 'niño', 'Impuesto', 11900.00, 80, 1, 'BLINK', 'UN', 'SALDO', 'BLINK', 'MUJER'),
('11950', 'ZAPATO NIÑO', 'Impuesto', 11950.00, 55, 1, 'VARIOS', 'UN', 'VARIOS', 'VARIOS', 'NIÑO'),
('120', 'CASUAL', 'Impuesto', 35500.00, 51, 1, 'BOTERO', 'UN', 'SALDO', 'CASUAL', 'HOMBRE'),
('12100', 'ZAPATO NIÑO', 'Impuesto', 12100.00, 51, 1, 'VARIOS', 'UN', 'VARIOS', 'VARIOS', 'NIÑO'),
('12123232', 'SANDALIA', 'Impuesto', 2500.00, 59, 1, 'SANDA', 'UN', 'SALDO', 'NIÑO', 'NIÑO'),
('123456', 'MUÑECA', 'Impuesto', 10200.00, 64, 1, 'V SINGULAR', 'UN', 'SALDO', 'MUÑECA', 'MUJER'),
('12500', 'ZAPATO NIÑO', 'Impuesto', 12500.00, 140, 1, 'VARIOS', 'UN', 'VARIOS', 'VARIOS', 'NIÑO'),
('12500111', 'SHUT', 'Impuesto', 12500.00, 51, 1, 'SHUT', 'UN', 'SALDO', 'TENI', 'NIÑO'),
('1254', 'TACON', 'Impuesto', 15800.00, 51, 1, 'ANABELLE', 'UN', 'SALDO', 'TACON', 'MUJER'),
('125456', 'SANDALIA', 'Impuesto', 13900.00, 55, 1, 'TERRA', 'UN', 'SALDO', 'BAJA', 'MUJER'),
('12546', 'BOTA', 'Impuesto', 15900.00, 51, 1, 'ANABELLE', 'UN', 'SALDO', 'PLATAFORMA', 'MUJER'),
('12700', 'ZAPATO NIÑO', 'Impuesto', 12700.00, 53, 1, 'VARIOS', 'UN', 'VARIOS', 'VARIOS', 'NIÑO'),
('12900', 'ZAPATO NIÑO', 'Impuesto', 12900.00, 56, 1, 'VARIOS', 'UN', 'VARIOS', 'VARIOS', 'NIÑO'),
('13200111', 'niño', 'Impuesto', 13200.00, 52, 1, 'VARIOS', 'UN', 'SALDO', 'NIÑOS', 'NIÑOS'),
('13500', 'ZAPATO NIÑO', 'Impuesto', 13500.00, 71, 1, 'VARIOS', 'UN', 'VARIOS', 'VARIOS', 'NIÑO'),
('1350010', 'SANDALIA', 'Impuesto', 13590.00, 52, 1, 'SANDALIAS', 'UN', 'SALDO', 'SANDALIA', 'MUJERES'),
('1359010', 'SANDALIA', 'Impuesto', 13590.00, 51, 1, 'PLATAFORMA', 'UN', 'SALDO', 'PLATAFORMA', 'MUJERES'),
('13690', 'ZAPATO NIÑO', 'Impuesto', 13690.00, 56, 1, 'VARIOS', 'UN', 'VARIOS', 'VARIOS', 'NIÑO'),
('13750', 'ZAPATO NIÑO', 'Impuesto', 13750.00, 51, 1, 'VARIOS', 'UN', 'VARIOS', 'VARIOS', 'NIÑO'),
('137b', 'TENI', 'Impuesto', 9990.00, 51, 1, 'adx', 'UN', 'SALDO', 'TENI', 'MUJER'),
('13900111', 'niño', 'Impuesto', 13900.00, 73, 1, 'VARIOS', 'UN', 'SALDO', 'NIÑOS', 'NIÑOS'),
('13990', 'ZAPATO NIÑO', 'Impuesto', 13990.00, 57, 1, 'VARIOS', 'UN', 'VARIOS', 'VARIOS', 'NIÑO'),
('14295', 'CUÑA', 'Impuesto', 16600.00, 54, 1, 'MIOS', 'UN', 'NACIONAL', 'SANDALIA', 'MUJER'),
('14400', 'ZAPATO NIÑO', 'Impuesto', 14400.00, 52, 1, 'VARIOS', 'UN', 'VARIOS', 'VARIOS', 'NIÑO'),
('14490', 'ZAPATO NIÑO', 'Impuesto', 14490.00, 51, 1, 'VARIOS', 'UN', 'VARIOS', 'VARIOS', 'NIÑO'),
('14500', 'ZAPATO NIÑO', 'Impuesto', 4500.00, 121, 1, 'VARIOS', 'UN', 'VARIOS', 'VARIOS', 'NIÑO'),
('1453', 'BOTA', 'Impuesto', 25200.00, 51, 1, 'MILLY', 'UN', 'SALDO', 'PLATAFORMA', 'MUJER'),
('14590', 'ZAPATO NIÑO', 'Impuesto', 14590.00, 56, 1, 'VARIOS', 'UN', 'VARIOS', 'VARIOS', 'NIÑO'),
('14700', 'TACON', 'Impuesto', 15200.00, 51, 1, 'CHANTELL', 'UN', 'SALDO', 'TACON', 'MUJER'),
('14990', 'ZAPATO NIÑO', 'Impuesto', 14990.00, 55, 1, 'VARIOS', 'UN', 'VARIOS', 'VARIOS', 'NIÑO'),
('14990111', 'niño', 'Impuesto', 14990.00, 53, 1, 'NIÑOS', 'UN', 'SALDO', 'NIÑOS', 'NIÑOS'),
('15151', 'TACON', 'Impuesto', 13900.00, 51, 1, 'MIOS', 'UN', 'SALDO', 'TACON', 'MUJER'),
('15221', 'BOTA', 'Impuesto', 23500.00, 93, 1, 'DANETI', 'UN', 'SALDO', 'BOTA', 'MUJER'),
('15250', 'ZAPATO NIÑO', 'Impuesto', 15250.00, 62, 1, 'VARIOS', 'UN', 'VARIOS', 'VARIOS', 'NIÑO'),
('15290111', 'niño', 'Impuesto', 15290.00, 51, 1, 'NIÑOS', 'UN', 'SALDO', 'NIÑOS', 'NIÑOS'),
('1537', 'TENI', 'Impuesto', 10800.00, 121, 1, 'SHUT', 'UN', 'TENI', 'TENI', 'MUJER'),
('15500', 'ZAPATO NIÑO', 'Impuesto', 15500.00, 55, 1, 'VARIOS', 'UN', 'VARIOS', 'VARIOS', 'NIÑO'),
('15784', 'MUÑECA', 'Impuesto', 11900.00, 55, 1, 'MIOS', 'UN', 'NACIONAL', 'MUÑECA', 'MUJER'),
('15785', 'MUÑECA', 'Impuesto', 11900.00, 60, 1, 'MIOS', 'UN', 'NACIONAL', 'MUÑECA', 'MUJER'),
('15789', 'NIÑA', 'Impuesto', 13900.00, 54, 1, 'MIOS', 'UN', 'NACIONAL', 'BOTA', 'NIÑA'),
('15791', 'MUÑECA', 'Impuesto', 11900.00, 61, 1, 'MIOS', 'UN', 'NACIONAL', 'MUÑECA', 'MUJER'),
('15851', 'TACON', 'Impuesto', 13900.00, 58, 1, 'CHANTELL', 'UN', 'NACIONAL', 'TACON', 'MUJER'),
('158780215', 'CUÑA', 'Impuesto', 13900.00, 51, 1, 'CHANTELL', 'UN', 'NACIONAL', 'CUÑA', 'MUJER'),
('15890', 'BOTA', 'Impuesto', 19900.00, 53, 1, 'CHANTELL', 'UN', 'NACIONAL', 'BOTA', 'MUJER'),
('15900', 'ZAPATO NIÑO', 'Impuesto', 15900.00, 57, 1, 'VARIOS', 'UN', 'VARIOS', 'VARIOS', 'NIÑO'),
('15900111', 'niño', 'Impuesto', 15900.00, 50, 1, 'NIÑOS', 'UN', 'SALDO', 'NIÑOS', 'NIÑOS'),
('16000', 'ZAPATO NIÑO', 'Impuesto', 16000.00, 54, 1, 'VARIOS', 'UN', 'VARIOS', 'VARIOS', 'NIÑO'),
('161213', 'SANDALIA', 'Impuesto', 15290.00, 51, 1, 'LUCKY', 'UN', 'SALDO', 'SANDALIA', 'MUJER'),
('16500', 'ZAPATO NIÑO', 'Impuesto', 16500.00, 60, 1, 'VARIOS', 'UN', 'VARIOS', 'VARIOS', 'NIÑO'),
('16590', 'ZAPATO NIÑO', 'Impuesto', 16590.00, 104, 1, 'VARIOS', 'UN', 'VARIOS', 'VARIOS', 'NIÑO'),
('16900', 'ZAPATO NIÑO', 'Impuesto', 16900.00, 55, 1, 'VARIOS', 'UN', 'VARIOS', 'VARIOS', 'NIÑO'),
('16900111', 'niño', 'Impuesto', 16900.00, 57, 1, 'OP', 'UN', 'SALDO', 'NIÑO', 'NIÑO'),
('17204', 'BURRO', 'Impuesto', 35900.00, 51, 1, 'BIMONTT', 'UN', 'SALDO', 'BURRO', 'HOMBRE'),
('17240', 'SANDALIAS', 'Impuesto', 15990.00, 55, 1, 'VARIAS', 'UN', 'SALDO', 'SANDALIAS', 'MUJER'),
('17300', 'ZAPATO NIÑO', 'Impuesto', 17300.00, 51, 1, 'VARIOS', 'UN', 'VARIOS', 'VARIOS', 'NIÑO'),
('1759011', 'TACO', 'Impuesto', 17590.00, 51, 1, 'TACO', 'UN', 'SALDO', 'TACO', 'HOMBRE'),
('176013', 'SANDALIAS', 'Impuesto', 15900.00, 124, 1, 'MIOS', 'UN', 'NACIONAL', 'SANDALIA', 'MUJER'),
('17900', 'ZAPATO NIÑO', 'Impuesto', 17900.00, 67, 1, 'VARIOS', 'UN', 'VARIOS', 'VARIOS', 'NIÑO'),
('17999', 'BURRO', 'Impuesto', 36500.00, 51, 1, 'BIMONTT', 'UN', 'SALDO', 'BURRO', 'HOMBRE'),
('181818', 'TACON', 'Impuesto', 19500.00, 52, 1, 'BELLE MARIE', 'UN', 'SALDO', 'TACON', 'MUJER'),
('18500', 'ZAPATO NIÑO', 'Impuesto', 18500.00, 88, 1, 'VARIOS', 'UN', 'VARIOS', 'VARIOS', 'NIÑO'),
('18900', 'ZAPATO NIÑO', 'Impuesto', 18900.00, 56, 1, 'VARIOS', 'UN', 'VARIOS', 'VARIOS', 'NIÑO'),
('1899011', 'TACO', 'Impuesto', 18990.00, 51, 1, 'TACO', 'UN', 'SALDO', 'TACO', 'HOMBRE'),
('190211143679', 'TENI', 'Impuesto', 39500.00, 51, 1, 'TENI', 'UN', 'SALDO', 'TENI', 'MUJER'),
('190211287717', 'VARIOS', 'Impuesto', 46590.00, 51, 1, 'VARIOS', 'UN', 'SALDO', 'VARIOS', 'MUJER'),
('192219', 'TENI', 'Impuesto', 15590.00, 51, 1, 'TENI', 'UN', 'SALDO', 'TENI', 'MUJER'),
('19500', 'ZAPATO NIÑO', 'Impuesto', 19500.00, 51, 1, 'VARIOS', 'UN', 'VARIOS', 'VARIOS', 'NIÑO'),
('1980', 'ZAPATO NIÑO', 'Impuesto', 1980.00, 51, 1, 'VARIOS', 'UN', 'VARIOS', 'VARIOS', 'NIÑO'),
('19900', 'ZAPATO NIÑO', 'Impuesto', 19900.00, 63, 1, 'VARIOS', 'UN', 'VARIOS', 'VARIOS', 'NIÑO'),
('19900111', 'niño', 'Impuesto', 19900.00, 51, 1, 'NIÑOS', 'UN', 'SALDO', 'NIÑOS', 'NIÑOS'),
('20001000', 'SANDALIA', 'Impuesto', 2000.00, 84, 1, 'SANDALIA', 'UN', 'SALDO', 'SANDALIA', 'MUJER'),
('20011590', 'HULE', 'Impuesto', 11590.00, 57, 1, 'LONA', 'UN', 'IMPORTADO', 'LONA', 'MUGER'),
('20011990', 'LONA', 'Impuesto', 11990.00, 51, 1, 'LONA', 'UN', 'IMPORTADO', 'LONA', 'VARIOS'),
('20014900', 'LONA', 'Impuesto', 14900.00, 50, 1, 'LONA', 'UN', 'IMPORTADO', 'LONA', 'VARIOS'),
('20019900', 'LONA', 'Impuesto', 19900.00, 51, 1, 'LONA', 'UN', 'SALDO', 'LONA', 'VARIOS'),
('2005990', 'HULE', 'Impuesto', 5990.00, 51, 1, 'LONA', 'UN', 'IMPORTADO', 'LONA', 'MUGER'),
('2006590', 'LONA', 'Impuesto', 6590.00, 49, 1, 'LONA', 'UN', 'SALDO', 'LONA', 'VARIOS'),
('2007890', 'LONA', 'Impuesto', 7890.00, 51, 1, 'LONA', 'UN', 'IMPORTADO', 'LONA', 'VARIOS'),
('2007980', 'LONA', 'Impuesto', 7980.00, 51, 1, 'LONA', 'UN', 'IMPORTADO', 'LONA', 'VARIOS'),
('2007990', 'HULE', 'Impuesto', 7990.00, 48, 1, 'LONA', 'UN', 'IMPORTADO', 'LONA', 'MUGER'),
('2008900', 'HULE', 'Impuesto', 8900.00, 51, 1, 'LONA', 'UN', 'IMPORTADO', 'LONA', 'MUGER'),
('2009890', 'HULE', 'Impuesto', 9890.00, 51, 1, 'LONA', 'UN', 'IMPORTADO', 'LONA', 'MUGER'),
('2009900', 'HULE', 'Impuesto', 9900.00, 51, 1, 'LONA', 'UN', 'IMPORTADO', 'LONA', 'MUGER'),
('20110', 'BOTA', 'Impuesto', 24500.00, 79, 1, 'VALERIE', 'UN', 'SALDO', 'BOTA', 'MUJER'),
('2011926', 'BOTA', 'Impuesto', 22800.00, 57, 1, 'VALERIE', 'UN', 'SALDO', 'BOTA', 'MUJER'),
('2017', 'TENI', 'Impuesto', 23900.00, 78, 1, 'URDER', 'UN', 'SALDO', 'TENI', 'HOMBRE'),
('201810267454', 'BODY BLOVE', 'IMPUESTO', 28900.00, 263, 1, 'BODY GLOVE', 'UN', 'SALDO0', 'TENNY', 'UNISEX'),
('20500', 'ZAPATO NIÑO', 'Impuesto', 20500.00, 60, 1, 'VARIOS', 'UN', 'VARIOS', 'VARIOS', 'NIÑO'),
('2056101', 'MUÑECA', 'Impuesto', 14590.00, 52, 1, 'MOLECA', 'UN', 'SALDO', 'NIÑA', 'NIÑA'),
('2062805', 'MUÑECA', 'Impuesto', 12300.00, 51, 1, 'VALERIE', 'UN', 'SALDO', 'MUÑECA', 'MUJER'),
('21029', 'BURRO', 'Impuesto', 21000.00, 52, 1, 'RH-SPORT', 'UN', 'SALDO', 'BURRO MUGER', 'MUJER'),
('21200', 'ZAPATO NIÑO', 'Impuesto', 21200.00, 51, 1, 'VARIOS', 'UN', 'VARIOS', 'VARIOS', 'NIÑO'),
('2165102', 'MUÑECA', 'Impuesto', 16590.00, 51, 1, 'MOLECA', 'UN', 'SALDO', 'NIÑA', 'NIÑA'),
('216556', 'SANDALIA', 'Impuesto', 12900.00, 51, 1, 'RENATA', 'UN', 'SALDO', 'BAJA', 'MUJER'),
('21900777', 'SANDALIAS', 'Impuesto', 21900.00, 53, 1, 'VARIAS', 'UN', 'SALDO', 'SANDALIAS', 'MUJER'),
('2202035', 'TENI', 'Impuesto', 6500.00, 56, 1, 'VALERIE', 'UN', 'SALDO', 'TENI', 'MUJER'),
('220220046002', 'PLATAFORMA', 'Impuesto', 16900.00, 51, 1, 'NATURAL', 'UN', 'SALDO', 'PLATAFORMA', 'MUJER'),
('227', 'PLATAFORMA', 'Impuesto', 33790.00, 55, 1, 'DEL BARCO', 'UN', 'SALDO', 'PLATAFORMA', 'MUJER'),
('22737', 'SANDALIA', 'Impuesto', 33790.00, 52, 1, 'DEL BARCO', 'UN', 'SALDO', 'TACON', 'MUJER'),
('2278', 'PLATAFORMA', 'Impuesto', 27900.00, 51, 1, 'DEL BARCO', 'UN', 'SALDO', 'PLATAFORMA', 'MUJER'),
('22859471053', 'TENI', 'Impuesto', 38500.00, 51, 1, 'converse', 'UN', 'SALDO', 'TENI', 'MUJER'),
('22859975377', 'Tenis', 'Impuesto', 35000.00, 50, 1, 'converse', 'UN', 'SALDO', 'Tenis', 'HOMBRE'),
('22900111', 'niño', 'Impuesto', 22900.00, 54, 1, 'LEVIS', 'UN', 'SALDO', 'tenni roja', 'NIÑO'),
('232454', 'MUÑECA', 'Impuesto', 15790.00, 51, 1, 'MOLECA', 'UN', 'SALDO', 'MUÑECA', 'MUJER'),
('237144', 'PLATAFORMA', 'Impuesto', 14490.00, 50, 1, 'V SINGULAR', 'UN', 'SALDO', 'PLTAFORMA', 'MUJER'),
('2385620120238', 'CUÑAS', 'Impuesto', 15990.00, 51, 1, 'VISIUS', 'UN', 'SALDO', 'CUÑA', 'MUJER'),
('24500666', 'SANDALIAS', 'Impuesto', 24500.00, 51, 1, 'VARIAS', 'UN', 'SALDO', 'SANDALIAS', 'MUJER'),
('253223', 'TACON', 'Impuesto', 17900.00, 51, 1, 'VARIAS', 'UN', 'SALDO', 'TACON', 'MUJER'),
('2544', 'SANDALIA', 'Impuesto', 15290.00, 51, 1, 'STUDIO 56', 'UN', 'SALDO', 'MUÑECA', 'MUJER'),
('2572', 'TACON', 'Impuesto', 16600.00, 51, 1, 'ILUVA', 'UN', 'SALDO', 'TACON', 'MUJER'),
('268', 'BOTIN', 'Impuesto', 23500.00, 55, 1, 'DANETTI', 'UN', 'SALDO', 'TENI', 'MUJER'),
('284230537', 'BOTA', 'Impuesto', 19900.00, 51, 1, 'CHANTELL', 'UN', 'NACIONAL', 'BOTA', 'MUJER'),
('284230637', 'BOTA', 'Impuesto', 19900.00, 54, 1, 'CHANTELL', 'UN', 'NACIONAL', 'BOTA', 'MUJER'),
('28900', 'ZAPATO NIÑO', 'Impuesto', 28900.00, 51, 1, 'VARIOS', 'UN', 'VARIOS', 'VARIOS', 'NIÑO'),
('28914', 'TENI', 'Impuesto', 11950.00, 55, 1, 'WALK', 'UN', 'SALDO', 'ZAPATILLA', 'HOMBRE'),
('291495', 'SANDALIAS', 'Impuesto', 12500.00, 52, 1, 'VARIAS', 'UN', 'SALDO', 'SANDALIAS', 'MUJER'),
('298211602982116', 'MUÑECA', 'Impuesto', 11500.00, 54, 1, '(en blanco)', 'UN', 'MUÑECA', '(en blanco)', 'UN'),
('30027990040', 'TENI', 'Impuesto', 9900.00, 51, 1, 'SHUT', 'UN', 'SALDO', 'LONA', 'MUJER'),
('3003190', 'SAPO', 'Impuesto', 3190.00, 51, 1, 'SAPO', 'UN', 'IMPORTADO', 'SAPO', 'VARIOS'),
('3003590', 'SAPO', 'Impuesto', 3590.00, 66, 1, 'SAPO', 'UN', 'IMPORTADO', 'SAPO', 'VARIOS'),
('3003790', 'SAPO', 'Impuesto', 3790.00, 55, 1, 'SAPO', 'UN', 'IMPORTADO', 'SAPO', 'VARIOS'),
('3003890', 'SAPO', 'Impuesto', 3890.00, 127, 1, 'SAPO', 'UN', 'IMPORTADO', 'SAPO', 'VARIOS'),
('3003980', 'SAPO', 'Impuesto', 3980.00, 55, 1, 'SAPO', 'UN', 'IMPORTADO', 'SAPO', 'VARIOS'),
('3003990', 'SAPO', 'Impuesto', 3990.00, 91, 1, 'HULE', 'UN', 'IMPORTADO', 'SAPO HUECOS', 'HOMBRE'),
('3004590', 'SAPO', 'Impuesto', 4590.00, 61, 1, 'SAPO', 'UN', 'IMPORTADO', 'SAPO', 'VARIOS'),
('3004990', 'SAPO', 'Impuesto', 4990.00, 70, 1, 'SAPO', 'UN', 'IMPORTADO', 'SAPO', 'VARIOS'),
('3006990', 'SAPO', 'Impuesto', 6990.00, 83, 1, 'SAPO', 'UN', 'IMPOETADO', 'SAPO', 'VARIOS'),
('3023', 'TENI', 'Impuesto', 15990.00, 227, 1, 'RUNNER', 'UN', 'IMPORTADO', 'TENI MUJER', 'MUJER'),
('313564', 'MUÑECA', 'Impuesto', 5590.00, 51, 1, '2 YOU', 'UN', 'SALDO', 'LONA', 'MUJER'),
('32500', 'TENI', 'Impuesto', 35500.00, 50, 1, 'LACOSTE', 'UN', 'SALDO', 'TENI', 'HOMBRE'),
('32544', 'TACON', 'Impuesto', 15290.00, 51, 1, 'STUDIO', 'UN', 'SALDO', 'CUÑA', 'MUJER'),
('32581', 'MUÑECA', 'Impuesto', 13990.00, 51, 1, 'MILLY', 'UN', 'SALDO', 'MUÑECA', 'MUJER'),
('32654', 'TACON', 'Impuesto', 16900.00, 50, 1, 'ANABELLE', 'UN', 'SALDO', 'TACON', 'MUJER'),
('333333', 'HULE', 'Impuesto', 11990.00, 52, 1, 'GRENDHA', 'UN', 'SALDO', 'SANDALIA HULE', 'MUGER'),
('334420', 'MUÑECA', 'Impuesto', 11500.00, 51, 1, 'NIKKI NONO', 'UN', 'SALDO', 'LONA', 'MUJER'),
('33500', 'ZAPATO NIÑO', 'Impuesto', 33500.00, 51, 1, 'VARIOS', 'UN', 'VARIOS', 'VARIOS', 'NIÑO'),
('3541', 'TENI', 'Impuesto', 45500.00, 51, 1, 'etnies', 'UN', 'SALDO', 'TENI', 'HOMBRE'),
('356233', 'MUÑECA', 'Impuesto', 7990.00, 68, 1, 'FOLLIES', 'UN', 'IMPORTADO', 'MUÑECA', 'MUJER'),
('356244', 'MUÑECA', 'Impuesto', 8990.00, 74, 1, 'FOLLIES', 'UN', 'IMPORTADO', 'MUÑECA', 'MUJER'),
('3623500154', 'TENI', 'Impuesto', 23500.00, 51, 1, 'OP', 'UN', 'SALDO', 'TENI', 'MUJER'),
('363537', 'BURRO', 'Impuesto', 69900.00, 51, 1, 'CAT', 'UN', 'SALDO', 'HOMBRE', 'HOMBRE'),
('37549000', 'TENI', 'Impuesto', 49000.00, 51, 1, 'NIKE', 'UN', 'SALDO', 'RUNNIG', 'MUJER'),
('37999010', 'MUÑECA', 'Impuesto', 9990.00, 51, 1, 'MIOS', 'UN', 'SALDO', 'MUÑECA', 'MUJER'),
('3852390060', 'TENI', 'Impuesto', 23900.00, 51, 1, 'OP', 'UN', 'SALDO', 'RUNNIG', 'HOMBRE'),
('390420', 'MUÑECA', 'Impuesto', 25590.00, 52, 1, 'VARIOS', 'UN', 'SALDO', 'MUÑECA', 'MUJER'),
('3992', 'SANDALIA', 'Impuesto', 7990.00, 51, 1, 'SANDALIA', 'UN', 'SALDO', 'SANDALIA', 'MUJER'),
('3995', 'SANDALIA', 'Impuesto', 7990.00, 2127, 1, 'SANDALIA', 'UN', 'SALDO', 'SANDALIA', 'MUJER'),
('40016500', 'HULE', 'Impuesto', 16500.00, 51, 1, 'HULE', 'UN', 'IMPORTADO', 'HULE', 'VARIOS'),
('4001990', 'HULE', 'Impuesto', 1990.00, 51, 1, 'HULE', 'UN', 'SALDO', 'HULE', 'VARIOS'),
('4002990', 'HULE', 'Impuesto', 2990.00, 54, 1, 'HULE', 'UN', 'IMPORTADO', 'HULE', 'VARIOS'),
('4003850', 'HULE', 'Impuesto', 3850.00, 85, 1, 'HULE', 'UN', 'SALDO', 'HULE', 'VARIOS'),
('4003890', 'HULE', 'Impuesto', 3890.00, 56, 1, 'HULE', 'UN', 'IMPORTADO', 'HULE', 'VARIOS'),
('4003980', 'HULE', 'Impuesto', 3980.00, 119, 1, 'HULE', 'UN', 'IMPORTADO', 'HULE', 'VARIOS'),
('4004780', 'HULE', 'Impuesto', 4780.00, 52, 1, 'HULE', 'UN', 'IMPORTADO', 'HULE', 'VARIOS'),
('4004890', 'HULE', 'Impuesto', 4890.00, 52, 1, 'HULE', 'UN', 'IMPORTADO', 'HULE', 'VARIOS'),
('4004990', 'HULE', 'Impuesto', 4990.00, 55, 1, 'HULE', 'UN', 'IMPORTADO', 'HULE', 'VARIOS'),
('4006590', 'HULE', 'Impuesto', 6590.00, 57, 1, 'HULE', 'UN', 'IMPORTADO', 'HULE', 'VARIOS'),
('4006990', 'ZAPATO AGUA', 'Impuesto', 6990.00, 62, 1, 'AGUA', 'UN', 'IMPORTADO', 'AGUA', 'UNISEX'),
('4008500', 'HULE', 'Impuesto', 8500.00, 53, 1, 'HULE', 'UN', 'SALDO', 'HULE', 'VARIOS'),
('4052557566399', 'TENI', 'Impuesto', 39000.00, 55, 1, 'ADIDAS', 'UN', 'TENI', 'TENI', 'MUJER'),
('4053057375948', 'TENI', 'Impuesto', 35500.00, 51, 1, 'PUMA', 'UN', 'SALDO', 'TENI', 'MUJER'),
('4055262827083', 'PUMA', 'IMPUESTO', 49830.00, 77, 1, 'PUMA', 'UN', 'SALDO0', 'TENNY', 'UNISEX'),
('4055338317814', 'ADIDAS', 'IMPUESTO', 49830.00, 94, 1, 'ADIDAS', 'UN', 'SALDO0', 'TENNY', 'UNISEX'),
('4055339565856', 'TENI', 'Impuesto', 32500.00, 51, 1, 'TENI', 'UN', 'SALDO', 'TENI', 'HOMBRE'),
('4055339977284', 'TENI', 'Impuesto', 20500.00, 51, 1, 'WEST', 'UN', 'SALDO', 'RUNNIG', 'MUJER'),
('4055341417662', 'TACO', 'Impuesto', 25500.00, 51, 1, 'TACO', 'UN', 'SALDO', 'TENI', 'HOMBRE'),
('4056565587643', 'TENI', 'Impuesto', 44990.00, 52, 1, 'ADIDAS', 'UN', 'SALDO', 'TENI', 'HOMBRE'),
('40630', 'TACO', 'Impuesto', 19500.00, 51, 1, 'SQUADRA', 'UN', 'IMPORTADO', 'TACO', 'HOMBRE'),
('4411212', 'BOTA', 'Impuesto', 7990.00, 62, 1, 'BOTA', 'UN', 'SALDO', 'MUJER', 'MUJER'),
('44209929274', 'TENI', 'Impuesto', 39900.00, 55, 1, 'KEDS', 'UN', 'SALDO', 'TENI', 'MUJER'),
('44209930355', 'TENI', 'Impuesto', 26950.00, 57, 1, 'KEDS', 'UN', 'TENI', 'TENI', 'MUJER'),
('44212570760', 'TENI', 'Impuesto', 47500.00, 51, 1, 'SAUCONY', 'UN', 'TENI', 'TENI', 'MUJER'),
('44212753439', 'TENI', 'Impuesto', 29950.00, 57, 1, 'KEDS', 'UN', 'SALDO', 'TENI', 'MUJER'),
('44212754269', 'TENI', 'Impuesto', 32900.00, 51, 1, 'KEDS', 'UN', 'SALDO', 'TENI', 'MUJER'),
('44212813577', 'TENI', 'Impuesto', 37900.00, 54, 1, 'KEDS', 'UN', 'SALDO', 'TENI', 'MUJER'),
('4444', 'etderd', 'Impuesto', 5565.00, 515, 544, 'tydcr', 'dx', 'gdx', 'DDXDX', 'FXED'),
('4500', 'ZAPATO NIÑO', 'Impuesto', 4500.00, 84, 1, 'VARIOS', 'UN', 'VARIOS', 'VARIOS', 'NIÑO'),
('4542455', 'TENI', 'Impuesto', 15990.00, 51, 1, 'TENI', 'UN', 'SALDO', 'TENI', 'MUJER'),
('454545', 'BOTA', 'Impuesto', 5990.00, 58, 1, 'BOTA', 'UN', 'SALDO', 'NIÑO', 'NIÑO'),
('456333', 'SANDALIA', 'Impuesto', 12900.00, 53, 1, 'DANETTI', 'UN', 'SALDO', 'SANDALIA BAJA', 'MUJER'),
('45900', 'ZAPATO NIÑO', 'Impuesto', 45900.00, 51, 1, 'VARIOS', 'UN', 'VARIOS', 'VARIOS', 'NIÑO'),
('46456', 'SANDALIA', 'Impuesto', 17990.00, 51, 1, 'BEIRA RIO', 'UN', 'SALDO', 'BAJA', 'MUJER'),
('4659', 'TACON', 'Impuesto', 21500.00, 54, 1, 'KANDELA', 'UN', 'SALDO', 'PLATAFORMA', 'MUJER'),
('4691', 'TENI', 'Impuesto', 16600.00, 71, 1, 'P EART', 'UN', 'SALDO', 'TENI', 'HOMBRE'),
('4692', 'TENI', 'Impuesto', 16500.00, 74, 1, 'P EART', 'UN', 'SALDO', 'TENI', 'HOMBRE'),
('48434', 'SANDALIA', 'Impuesto', 9590.00, 51, 1, 'BLINK', 'UN', 'SALDO', 'SANDALIA', 'MUJER'),
('48455', 'MUÑECA', 'Impuesto', 5590.00, 54, 1, 'B LINDA', 'UN', 'SALDO', 'TENI', 'MUJER'),
('487596', 'SANDALIA', 'Impuesto', 12600.00, 54, 1, 'DANETTI', 'UN', 'SALDO', 'CUÑA', 'MUJER'),
('4990', 'ZAPATO NIÑO', 'Impuesto', 4990.00, 70, 1, 'VARIOS', 'UN', 'VARIOS', 'VARIOS', 'NIÑO'),
('4990111', 'niño', 'Impuesto', 4990.00, 51, 1, 'NIÑO', 'UN', 'SALDO', 'NIÑO', 'HOMBRE'),
('49990111', 'niño', 'Impuesto', 4990.00, 59, 1, 'VARIOS', 'UN', 'SALDO', 'NIÑOS', 'NIÑOS'),
('5000', 'TENI', 'Impuesto', 5000.00, 83, 1, 'OP', 'UN', 'SALDO', 'TENI', 'HOMBRE'),
('5006990', 'AGUA', 'Impuesto', 6990.00, 91, 1, 'ADULTO', 'UN', 'IMPORTADO', 'ADULTO', 'VARIOS'),
('5021725264718', 'TENI', 'Impuesto', 59900.00, 52, 1, 'LACOSTE', 'UN', 'SALDO', 'TENI', 'HOMBRE'),
('5021725295460', 'TENI', 'Impuesto', 49590.00, 53, 1, 'LACOSTE', 'UN', 'SALDO', 'TENI', 'HOMBRE'),
('5021725295491', 'TENI', 'Impuesto', 48590.00, 71, 1, 'LACOSTE', 'UN', 'SALDO', 'TENI', 'HOMBRE'),
('5021725331168', 'TENI', 'Impuesto', 49500.00, 54, 1, 'LA COSTE', 'UN', 'TENI', 'TENI', 'HOMBRE'),
('5054005634505', 'TENI', 'Impuesto', 29900.00, 59, 1, 'UMBRO', 'UN', 'SALDO', 'HOMBRE', 'MUJER'),
('515421', 'TACON', 'Impuesto', 22900.00, 54, 1, 'VARIAS', 'UN', 'SALDO', 'TACON', 'MUJER'),
('5245414', 'BURRO', 'Impuesto', 36900.00, 51, 1, 'ROCKLAND', 'UN', 'SALDO', 'BURRO', 'HOMBRE'),
('5300', 'ZAPATO NIÑO', 'Impuesto', 5300.00, 52, 1, 'VARIOS', 'UN', 'VARIOS', 'VARIOS', 'NIÑO'),
('541', 'PLATAFORMA', 'Impuesto', 13990.00, 117, 1, 'MILA', 'UN', 'TACON', 'ROJO', 'MUJER'),
('542524144', 'BOTIN', 'Impuesto', 22500.00, 53, 1, 'DANETI', 'UN', 'SALDO', 'BOTIN', 'MUJER'),
('544542', 'MUÑECA', 'Impuesto', 12990.00, 51, 1, 'VARIAS', 'UN', 'SALDO', 'MUÑECA', 'MUJER'),
('54454242', 'TENI', 'Impuesto', 5990.00, 51, 1, 'LEOPARD', 'UN', 'SALDO', 'MUÑECA', 'MUJER'),
('544545', 'BOTA', 'Impuesto', 21900.00, 50, 1, 'DANETI', 'UN', 'SALDO', 'TENI', 'MUJER'),
('55445546', 'TENI', 'Impuesto', 25900.00, 51, 1, 'OP', 'UN', 'SALDO', 'TENI', 'MUJER'),
('55590111', 'niño', 'Impuesto', 5590.00, 57, 1, 'VARIOS', 'UN', 'SALDO', 'NIÑOS', 'NIÑOS'),
('5590', 'ZAPATO NIÑO', 'Impuesto', 5590.00, 122, 1, 'VARIOS', 'UN', 'VARIOS', 'VARIOS', 'NIÑO'),
('559010', 'SANDALIA', 'Impuesto', 5590.00, 51, 1, 'SANDALIAS', 'UN', 'SALDO', 'SANDALIA', 'MUJERES'),
('5590111', 'niño', 'Impuesto', 5590.00, 51, 1, 'NIÑO', 'UN', 'SALDO', 'NIÑO', 'HOMBRE'),
('564667', 'tcrccy65765', 'Impuesto', 5655876.00, 66926, 5446, 'cfc', 'xtx', 'xtxx', 'txtxx', 'xtxytryxt'),
('565', 'TACON', 'Impuesto', 18500.00, 51, 1, '2B', 'UN', 'SALDO', 'SANDALIA', 'MUJER'),
('5657871', 'MUÑECA', 'Impuesto', 10400.00, 56, 1, 'VALERIE', 'UN', 'SALDO', 'MUÑECA', 'MUJER'),
('5658952', 'MUÑECA', 'Impuesto', 10500.00, 62, 1, 'VALERIE', 'UN', 'SALDO', 'MUÑECA', 'MUJER'),
('582', 'TENNI', 'Impuesto', 14900.00, 97, 1, 'ADDICTION', 'UN', 'SALDO', 'TENI', 'MUJER'),
('5900', 'ZAPATO NIÑO', 'Impuesto', 5900.00, 97, 1, 'VARIOS', 'UN', 'VARIOS', 'VARIOS', 'NIÑO'),
('5990', 'ZAPATO NIÑO', 'Impuesto', 5990.00, 51, 1, 'VARIOS', 'UN', 'VARIOS', 'VARIOS', 'NIÑO'),
('5990111', 'niño', 'Impuesto', 5990.00, 102, 1, 'bbcrece', 'UN', 'SALDO', 'NIÑO', 'NIÑO'),
('6000111', 'niño', 'Impuesto', 6000.00, 58, 1, 'VARIOS', 'UN', 'SALDO', 'NIÑOS', 'NIÑOS'),
('60013600', 'HULE', 'Impuesto', 13600.00, 51, 1, 'HULE', 'UN', 'SALDO', 'HULE', 'VARIOS'),
('6001500', 'HULE', 'Impuesto', 1500.00, 51, 1, 'HULE', 'UN', 'SALDO', 'HULE', 'VARIOS'),
('6001990', 'HULE', 'Impuesto', 1990.00, 53, 1, 'HULE', 'UN', 'SALDO', 'HULE', 'VARIOS'),
('6002990', 'HULE', 'Impuesto', 2990.00, 51, 1, 'HULE', 'UN', 'SALDO', 'HULE', 'VARIOS'),
('6003500', 'HULE', 'Impuesto', 3500.00, 59, 1, 'HULE', 'UN', 'SALDO', 'HULE', 'VARIOS'),
('6003890', 'HULE', 'Impuesto', 3890.00, 151, 1, 'HULE', 'UN', 'SALDO', 'HULE', 'VARIOS'),
('6004900', 'HULE', 'Impuesto', 4900.00, 68, 1, 'HULE', 'UN', 'SALDO', 'HULE', 'VARIOS'),
('6005300', 'HULE', 'Impuesto', 5300.00, 55, 1, 'HULE', 'UN', 'SALDO', 'HULE', 'VARIOS'),
('6100', 'ZAPATO NIÑO', 'Impuesto', 6100.00, 55, 1, 'VARIOS', 'UN', 'VARIOS', 'VARIOS', 'NIÑO'),
('612243', 'MUÑECA', 'Impuesto', 11900.00, 122, 1, 'MIOS', 'UN', 'SALDO', 'MUÑECA', 'MUJER'),
('614585', 'SANDALIAS', 'Impuesto', 5990.00, 51, 1, 'VARIAS', 'UN', 'SALDO', 'SANDALIAS', 'MUJER'),
('617110139', 'TACON', 'Impuesto', 16900.00, 51, 1, 'REFRESH', 'UN', 'SALDO', 'TACON', 'MUJER'),
('617932305730', 'TENI', 'Impuesto', 35900.00, 53, 1, 'VANS', 'UN', 'SALDO', 'TENI', 'HOMBRE'),
('6200', 'ZAPATO NIÑO', 'Impuesto', 6200.00, 53, 1, 'VARIOS', 'UN', 'VARIOS', 'VARIOS', 'NIÑO'),
('6200111', 'niño', 'Impuesto', 6200.00, 52, 1, 'VARIOS', 'UN', 'SALDO', 'NIÑOS', 'NIÑOS'),
('6221032', 'BURRO MUJER', 'Impuesto', 19900.00, 51, 1, 'CHANTELL', 'UN', 'NACIONAL', 'BURRO MUGER', 'MUJER'),
('6221035', 'SANDALIA', 'Impuesto', 13900.00, 61, 1, 'CHANTELL', 'UN', 'SALDO', 'SANDALIA', 'MUJER'),
('6300', 'ZAPATO NIÑO', 'Impuesto', 6300.00, 82, 1, 'VARIOS', 'UN', 'VARIOS', 'VARIOS', 'NIÑO'),
('630011', 'PLATAFORMA', 'Impuesto', 13590.00, 55, 1, 'MIOS', 'UN', 'SALDO', 'PLTAFORMA', 'MUJER'),
('630012', 'SANDALIAS', 'Impuesto', 15900.00, 52, 1, 'VARIAS', 'UN', 'SALDO', 'SANDALIAS', 'MUJER'),
('630029', 'TENI', 'Impuesto', 14990.00, 61, 1, 'MIOS', 'UN', 'SALDO', 'TENI', 'MUJER'),
('630066', 'SANDALIA', 'Impuesto', 14990.00, 53, 1, 'SANDALIA', 'UN', 'SALDO', 'SANDALIA', 'BAJO'),
('634154234747', 'ZAPATO', 'Impuesto', 7900.00, 127, 1, 'VARIOS', 'UN', 'SALDO', 'NIÑOS', 'NIÑOS'),
('634654916518', 'TENI', 'Impuesto', 7990.00, 57, 1, 'bbcrece', 'UN', 'SALDO', 'TENI', 'MUJER'),
('6346549176832', 'niño', 'Impuesto', 10990.00, 51, 1, 'BB CRECE', 'UN', 'SALDO', 'NIÑO', 'NIÑO'),
('634654946560', 'MUÑECA', 'Impuesto', 8950.00, 74, 1, 'bbcrece', 'UN', 'SALDO', 'MUÑECA', 'MUJER'),
('634654946614', 'NIÑA', 'Impuesto', 8950.00, 55, 1, 'BB CRECE', 'UN', 'SALDO', 'MUÑECA', 'NIÑA'),
('634654946898', 'niño', 'Impuesto', 9590.00, 54, 1, 'BB CRECE', 'UN', 'SALDO', 'NIÑO', 'NIÑO'),
('634654947161', 'ZAPATO', 'Impuesto', 11950.00, 204, 1, 'VARIOS', 'UN', 'SALDO', 'NIÑOS', 'NIÑOS'),
('634654947192', 'niño', 'Impuesto', 9950.00, 108, 1, 'BB CRECE', 'UN', 'SALDO', 'TENI', 'NIÑO'),
('6346549475744', 'niño', 'Impuesto', 8950.00, 58, 1, 'BB CRECE', 'UN', 'SALDO', 'NIÑO', 'NIÑO'),
('6346549479018', 'niño', 'Impuesto', 9950.00, 54, 1, 'BB CRECE', 'UN', 'SALDO', 'NIÑO', 'NIÑO'),
('6346549479322', 'niño', 'Impuesto', 9950.00, 55, 1, 'BB CRECE', 'UN', 'SALDO', 'TENI', 'NIÑO'),
('634654956392', 'niño', 'Impuesto', 8950.00, 83, 1, 'BB CRECE', 'UN', 'SALDO', 'NIÑO', 'NIÑO'),
('634654972248', 'ZAPATO', 'Impuesto', 6590.00, 52, 1, 'VARIOS', 'UN', 'SALDO', 'NIÑOS', 'NIÑOS'),
('6346549722930', 'niño', 'Impuesto', 10990.00, 61, 1, 'BB CRECE', 'UN', 'SALDO', 'TENI', 'NIÑO'),
('634654986139', 'niño', 'Impuesto', 6590.00, 60, 1, 'VARIAS', 'UN', 'SALDO', 'NIÑO', 'NIÑO'),
('638365', 'BOTIN', 'Impuesto', 19990.00, 70, 1, 'CHANTELL', 'UN', 'SALDO', 'BOTIN', 'MUJER'),
('638384', 'TACON', 'Impuesto', 13990.00, 51, 1, 'CHANNTELL', 'UN', 'SALDO', 'TACON', 'MUJER'),
('6421013', 'TACON', 'Impuesto', 16900.00, 52, 1, 'CHANTELL', 'UN', 'SALDO', 'TACON', 'MUJER'),
('6500', 'ZAPATO NIÑO', 'Impuesto', 6500.00, 52, 1, 'VARIOS', 'UN', 'VARIOS', 'VARIOS', 'NIÑO'),
('652223', 'TACON', 'Impuesto', 15900.00, 52, 1, 'MIOS', 'UN', 'SALDO', 'CUÑA', 'MUJER'),
('6590', 'ZAPATO NIÑO', 'Impuesto', 6590.00, 58, 1, 'VARIOS', 'UN', 'VARIOS', 'VARIOS', 'NIÑO'),
('6590111', 'niño', 'Impuesto', 6590.00, 75, 1, 'NIÑO', 'UN', 'SALDO', 'NIÑO', 'NIÑO'),
('661984', 'SANDALIA', 'Impuesto', 11990.00, 64, 1, 'MIOS', 'UN', 'SALDO', 'SANDALIA', 'MUJER'),
('66318797', 'SANDALIAS', 'Impuesto', 19290.00, 52, 1, 'VARIAS', 'UN', 'SALDO', 'SANDALIAS', 'MUJER'),
('66319', 'TENI', 'Impuesto', 34900.00, 50, 1, '(en blanco)', 'UN', 'TENI', '(en blanco)', 'UN'),
('6667086', 'PLATAFORMA', 'Impuesto', 12900.00, 56, 1, 'RENATA', 'UN', 'SALDO', 'PLATAFORMA', 'MUJER'),
('6723', 'PLATAFORMA', 'Impuesto', 17900.00, 94, 1, 'VITORIA', 'UN', 'SALDO', 'PLATAFORMA', 'MUJER'),
('6762', 'PLATAFORMA', 'Impuesto', 17900.00, 127, 1, 'BLINK', 'UN', 'SALDO', 'PLATAFORMA', 'MUJER'),
('6800', 'niño', 'Impuesto', 6800.00, 51, 1, 'NIÑO', 'UN', 'SALDO', 'ZAPATO', 'NIÑO'),
('68619706', 'SANDALIAS', 'Impuesto', 18900.00, 52, 1, 'VARIAS', 'UN', 'SALDO', 'SANDALIAS', 'MUJER'),
('68764', 'SANDALIA', 'Impuesto', 18900.00, 51, 1, 'VARIAS', 'UN', 'SALDO', 'TACON', 'MUJER'),
('6900', 'ZAPATO NIÑO', 'Impuesto', 6900.00, 117, 1, 'VARIOS', 'UN', 'VARIOS', 'VARIOS', 'NIÑO'),
('6900111', 'niño', 'Impuesto', 6900.00, 72, 1, 'VARIOS', 'UN', 'SALDO', 'NIÑOS', 'NIÑOS'),
('692209', 'MUÑECA', 'Impuesto', 11900.00, 87, 1, 'MIOS', 'UN', 'NACIONAL', 'MUÑECA', 'MUJER'),
('6950', 'ZAPATO NIÑO', 'Impuesto', 6950.00, 52, 1, 'VARIOS', 'UN', 'VARIOS', 'VARIOS', 'NIÑO'),
('6950111', 'niño', 'Impuesto', 6590.00, 210, 1, 'INFANTEC', 'UN', 'SALDO', 'NIÑO', 'SALDO'),
('6990111', 'NIÑA', 'Impuesto', 6990.00, 52, 1, 'SANDALIA', 'UN', 'SALDO', 'SANDALIA', 'NIÑA'),
('70011500', 'HULE', 'Impuesto', 11500.00, 51, 1, 'HULE', 'UN', 'SALDO', 'HULE', 'VARIOS'),
('70011900', 'HULE', 'Impuesto', 11900.00, 51, 1, 'HULE', 'UN', 'SALDO', 'HULE', 'VARIOS'),
('70012500', 'HULE', 'Impuesto', 12500.00, 52, 1, 'HULE', 'UN', 'SALDO', 'HULE', 'VARIOS'),
('70013900', 'HULE', 'Impuesto', 13900.00, 51, 1, 'HULE', 'UN', 'SALDO', 'HULE', 'VARIOS'),
('70014900', 'HULE', 'Impuesto', 14900.00, 56, 1, 'HULE', 'UN', 'SALDO', 'HULE', 'VARIOS'),
('70016500', 'HULE', 'Impuesto', 16500.00, 52, 1, 'HULE', 'UN', 'SALDO', 'HULE', 'VARIOS'),
('70019900', 'HULE', 'Impuesto', 19900.00, 53, 1, 'HULE', 'UN', 'SALDO', 'HULE', 'VARIOS'),
('70020500', 'HULE', 'Impuesto', 20500.00, 59, 1, 'HULE', 'UN', 'SALDO', 'HULE', 'VARIOS'),
('70020900', 'HULE', 'Impuesto', 20900.00, 52, 1, 'HULE', 'UN', 'SALDO', 'HULE', 'VARIOS'),
('70022500', 'HULE', 'Impuesto', 22500.00, 55, 1, 'HULE', 'UN', 'SALDO', 'HULE', 'VARIOS'),
('70022800', 'HULE', 'Impuesto', 22800.00, 52, 1, 'HULE', 'UN', 'SALDO', 'HULE', 'VARIOS'),
('70023500', 'HULE', 'Impuesto', 23500.00, 55, 1, 'HULE', 'UN', 'SALDO', 'HULE', 'VARIOS'),
('70024500', 'HULE', 'Impuesto', 24500.00, 54, 1, 'HULE', 'UN', 'SALDO', 'HULE', 'VARIOS'),
('70027500', 'SANDALIA', 'Impuesto', 27500.00, 52, 1, 'ROXI', 'UN', 'SALDO', 'SANDALIA', 'MUJER'),
('7009900', 'HULE', 'Impuesto', 9900.00, 58, 1, 'HULE', 'UN', 'SALDO', 'HULE', 'VARIOS'),
('7062814', 'PLATAFORMA', 'Impuesto', 16990.00, 52, 1, 'RENATA', 'UN', 'SALDO', 'PLATAFORMA', 'MUJER'),
('706421436953', 'TENI', 'Impuesto', 35900.00, 55, 1, 'VANS', 'UN', 'SALDO', 'TENI', 'MUJER'),
('7080', 'AZALIA', 'Impuesto', 14590.00, 65, 1, 'SANDALIA', 'UN', 'SALDO', 'BAJA', 'MUJER'),
('710107', 'PLATAFORMMA', 'Impuesto', 13990.00, 268, 1, 'MIOS', 'UN', 'MUJER', 'PLATAFORMA CORCHO', 'MUJER'),
('710108', 'mios', 'Impuesto', 13990.00, 109, 1, 'MIOS', 'UN', 'NACIONAL', 'cuña corcho', 'MUJER'),
('714053103653', 'TENI', 'Impuesto', 9990.00, 72, 1, 'STRIKERS', 'UN', 'TENI', 'TENI', 'MUJER'),
('716072408703', 'TENI', 'Impuesto', 19990.00, 57, 1, 'STIKERS', 'UN', 'SKATE', 'GRIS', 'HOMBRE'),
('721', 'converse', 'Impuesto', 28900.00, 54, 1, 'converse', 'UN', 'SALDO', 'converse blanca', 'MUJER'),
('72725', 'SANDALIA', 'Impuesto', 10190.00, 55, 1, 'LUCKY', 'UN', 'SALDO', 'SANDALIA', 'MUJER'),
('738992', 'SANDALIAS', 'Impuesto', 15990.00, 51, 1, 'VARIAS', 'UN', 'SALDO', 'SANDALIAS', 'MUJER'),
('7441072571785', 'ZAPATO', 'Impuesto', 34800.00, 51, 1, 'ZAPATO', 'UN', 'SALDO', 'ZAPATO', 'HOMBRE'),
('7441072598058', 'ZAPATO', 'Impuesto', 34590.00, 51, 1, 'WINERS', 'UN', 'SALDO', 'ZAPATO', 'HOMBRE'),
('7450012119253', 'TENI', 'Impuesto', 11900.00, 51, 1, 'LEOPARD', 'UN', 'SALDO', 'TENI', 'HOMBRE'),
('7450012119437', 'TENI', 'Impuesto', 5990.00, 76, 1, 'LEOPARD', 'UN', 'SALDO', 'TENI', 'MUJER'),
('7450012119451', 'TENI', 'Impuesto', 5990.00, 50, 1, 'LEOPARD', 'UN', 'SALDO', 'TENI', 'MUJER'),
('7450012121317', 'TENI', 'Impuesto', 19590.00, 52, 1, 'LEOPARD', 'UN', 'TENI', 'TENI', 'UNISEX'),
('7450012121324', 'TENNI', 'Impuesto', 18590.00, 78, 1, 'LEOPARD', 'UN', 'SALDO', 'TENNI', 'Tenni'),
('7450012121386', 'TENI', 'Impuesto', 19900.00, 147, 1, 'LEOPARD', 'UN', 'SALDO', 'TENI', 'MUJER'),
('7450012121621', 'TENI', 'Impuesto', 19900.00, 60, 1, 'LEOPARD', 'UN', 'SALDO', 'TENI', 'MUJER'),
('7450012122017', 'BURRO', 'Impuesto', 24900.00, 51, 1, 'VARIAS', 'UN', 'SALDO', 'BURRO', 'HOMBRE'),
('7450024150961', 'TENI', 'Impuesto', 7990.00, 51, 1, 'RAZE', 'UN', 'SALDO', 'TENI', 'MUJER'),
('7450024154617', 'TACO', 'Impuesto', 19900.00, 51, 1, 'AIR7', 'UN', 'IMPORTADO', 'TACO', 'HOMBRE'),
('7450024154686', 'TACO', 'Impuesto', 19900.00, 51, 1, 'AIR7', 'UN', 'IMPORTADO', 'TACO', 'HOMBRE'),
('7450024155034', 'TENI', 'Impuesto', 11990.00, 51, 1, 'CHACO', 'UN', 'SALDO', 'ZAPATILLA', 'HOMBRE'),
('7450024393559', 'TACO', 'Impuesto', 19900.00, 51, 1, 'TACO', 'UN', 'IMPORTADO', 'TACO', 'HOMBRE'),
('7450024393566', 'TACO', 'Impuesto', 19900.00, 53, 1, 'TACO', 'UN', 'IMPORTADO', 'TACO', 'HOMBRE'),
('7450024393573', 'TACO', 'Impuesto', 19900.00, 51, 1, 'AIR7', 'UN', 'IMPORTADO', 'TACO', 'HOMBRE'),
('7450026058500', 'TENI', 'Impuesto', 9990.00, 51, 1, 'adx', 'UN', 'TENI', 'NEGRA', 'HOMBRE'),
('7450026113094', 'ADX', 'Impuesto', 6590.00, 49, 1, 'NIÑA', 'UN', 'SALDO', 'NIÑOS', 'NIÑOS'),
('7450026113483', 'ADX', 'Impuesto', 5590.00, 326, 1, 'NIÑA', 'UN', 'SALDO', 'NIÑOS', 'NIÑOS'),
('7450026113803', 'ADX', 'Impuesto', 6990.00, 80, 1, 'NIÑA', 'UN', 'SALDO', 'NIÑOS', 'NIÑOS'),
('7450026148720', 'ZAPATO', 'Impuesto', 5990.00, 91, 1, 'VARIOS', 'UN', 'SALDO', 'NIÑOS', 'NIÑOS'),
('7450026191108', 'MUÑECA', 'Impuesto', 6590.00, 241, 1, 'MUÑECA', 'UN', 'SALDO', 'TENI', 'NIÑO'),
('7450026192297', 'MUÑECA', 'Impuesto', 7900.00, 52, 1, 'adx', 'UN', 'SALDO', 'MUÑECA', 'MUJER'),
('7450026192464', 'MUÑECA', 'Impuesto', 6900.00, 52, 1, 'adx', 'UN', 'SALDO', 'MUÑECA', 'MUJER'),
('7450026192525', 'MUÑECA', 'Impuesto', 6590.00, 52, 1, 'adx', 'UN', 'SALDO', 'MUÑECA', 'MUJER'),
('7450026273774', 'MUÑECA', 'Impuesto', 6000.00, 486, 1, 'YOU ME', 'UN', 'SALDO', 'MUÑECA', 'MUJER'),
('7450048961458', 'ADIDAS', 'IMPUESTO', 70500.00, 54, 1, 'ADIDAS', 'UN', 'SALDO0', 'TENNY', 'UNISEX'),
('7450050515079', 'SANDALIA', 'Impuesto', 18900.00, 100, 1, 'DIAMOND', 'UN', 'SALDO', 'BAJA', 'MUJER'),
('7450058044281', 'TENI', 'Impuesto', 10990.00, 51, 1, 'TENI', 'UN', 'SALDO', 'TENI', 'UNISEX'),
('7450058289118', 'TENI', 'Impuesto', 9900.00, 59, 1, 'SILVER', 'UN', 'NACIONAL', 'TENI', 'HOMBRE'),
('7450070023820', 'TENI', 'Impuesto', 13500.00, 57, 1, 'OP', 'UN', 'SALDO', 'TENI', 'MUJER'),
('7450070039289', 'TENNI', 'Impuesto', 18900.00, 64, 1, 'OP', 'UN', 'SALDO', 'TENI', 'MUJER'),
('745007004103', 'TENNI', 'Impuesto', 19500.00, 61, 1, 'OP', 'UN', 'SALDO', 'TENI', 'MUJER'),
('7450070160198', 'TENNI', 'Impuesto', 23900.00, 54, 1, 'OP', 'UN', 'SALDO', 'TENI', 'MUJER'),
('7450070206940', 'TENNI', 'Impuesto', 21500.00, 68, 1, 'OP', 'UN', 'SALDO', 'TENI', 'MUJER'),
('7450070216826', 'TENI', 'Impuesto', 21500.00, 52, 1, 'OP', 'UN', 'SALDO', 'TENI', 'HOMBRE'),
('7450070217687', 'TENI', 'Impuesto', 18500.00, 67, 1, 'OP', 'UN', 'SALDO', 'TENI', 'MUJER'),
('7450070217960', 'TENI', 'Impuesto', 21500.00, 80, 1, 'OP', 'UN', 'SALDO', 'TENI', 'MUJER'),
('7450070218356', 'TENI', 'Impuesto', 13900.00, 52, 1, 'OP', 'UN', 'SALDO', 'TENI', 'MUJER'),
('7450070218752', 'TENNI', 'Impuesto', 17900.00, 57, 1, 'OP', 'UN', 'SALDO', 'TENI', 'MUJER'),
('7450070237296', 'TENI', 'Impuesto', 17900.00, 65, 1, 'OP', 'UN', 'SALDO', 'TENI', 'MUJER'),
('7450070281305', 'ZAPATO', 'Impuesto', 36900.00, 51, 1, 'ZAPATO', 'UN', 'SALDO', 'ZAPATO', 'HOMBRE'),
('7450070361946', 'TENI', 'Impuesto', 19500.00, 71, 1, 'OP', 'UN', 'SALDO', 'TENI', 'MUJER'),
('7450070362127', 'TENNI', 'Impuesto', 25900.00, 60, 1, 'OP', 'UN', 'SALDO', 'TENI', 'MUJER'),
('7450070362196', 'TENI', 'Impuesto', 25900.00, 51, 1, 'OP', 'UN', 'SALDO', 'TENI', 'MUJER'),
('7450070362233', 'TENI', 'Impuesto', 18900.00, 89, 1, 'OP', 'UN', 'SALDO', 'TENI', 'MUJER'),
('7450070365937', 'BURRO', 'Impuesto', 20900.00, 67, 1, 'OP', 'UN', 'SALDO', 'BURRO', 'MUJER'),
('7450070366248', 'BURRO MUJER', 'Impuesto', 22900.00, 84, 1, 'OP', 'UN', 'SALDO', 'BURRO MUGER', 'MUJER'),
('7450070385157', 'TENI', 'Impuesto', 18900.00, 51, 1, 'OP', 'UN', 'SALDO', 'TENI', 'HOMBRE'),
('7450070410347', 'TENI', 'Impuesto', 29500.00, 52, 1, 'ECKO', 'UN', 'SALDO', 'TENI', 'HOMBRE'),
('7450070418325', 'TENNI', 'Impuesto', 13900.00, 129, 1, 'OP', 'UN', 'SALDO', 'TENI', 'MUJER'),
('7450070442331', 'BURRO MUJER', 'Impuesto', 26900.00, 67, 1, 'OP', 'UN', 'SALDO', 'BURRO MUGER', 'MUJER'),
('7450070444878', 'TENI', 'Impuesto', 26900.00, 265, 1, 'OP', 'UN', 'SALDO', 'TENI', 'HOMBRE'),
('7450070448654', 'TENNI', 'Impuesto', 15900.00, 109, 1, 'OP', 'UN', 'SALDO', 'TENI', 'MUJER'),
('7450070454600', 'TENI', 'Impuesto', 19900.00, 134, 1, 'OP', 'UN', 'SALDO', 'TENI', 'HOMBRE'),
('7450070458455', 'TENI', 'Impuesto', 16900.00, 58, 1, 'OP', 'UN', 'SALDO', 'MUÑECA', 'MUJER'),
('7450070458783', 'TENNI', 'Impuesto', 16900.00, 55, 1, 'OP', 'UN', 'SALDO', 'TENI', 'MUJER'),
('7450070458844', 'TENNI', 'Impuesto', 16900.00, 59, 1, 'OP', 'UN', 'SALDO', 'TENI', 'MUJER'),
('7450070459124', 'TENNI', 'Impuesto', 19500.00, 59, 1, 'OP', 'UN', 'SALDO', 'TENI', 'MUJER'),
('7450070459391', 'TENNI', 'Impuesto', 25900.00, 135, 1, 'OP', 'UN', 'SALDO', 'METER SEBRA', 'MUJER'),
('7450078148884', 'TENI', 'Impuesto', 18600.00, 51, 1, 'COBRA', 'UN', 'SALDO', 'TENI', 'MUJER'),
('7450078158999', 'SANDALIA', 'Impuesto', 36900.00, 56, 1, 'JLO', 'UN', 'SALDO', 'SANDALIA', 'MUJER'),
('7450078177952', 'TACON', 'Impuesto', 36900.00, 85, 1, 'JLO', 'UN', 'SALDO', 'SANDALIA', 'MUJER'),
('7450078193655', 'TACON', 'Impuesto', 34900.00, 119, 1, 'JLO', 'UN', 'SALDO', 'TACON', 'MUJER'),
('7450078206119', 'TACON', 'Impuesto', 34900.00, 63, 1, 'JLO', 'UN', 'SALDO', 'TACON', 'MUJER'),
('7450084002996', 'BURRO', 'Impuesto', 24900.00, 85, 1, 'ANDACO', 'UN', 'SALDO', 'BURRO', 'HOMBRE'),
('7450090098297', 'MUÑECA', 'Impuesto', 13990.00, 85, 1, 'DIAMOND', 'UN', 'SALDO', 'MUÑECA', 'MUJER'),
('7450090100273', 'MUÑECA', 'Impuesto', 11900.00, 52, 1, 'DIAMOND', 'UN', 'SALDO', 'MUÑECA', 'MUJER'),
('7450090102703', 'ZAPATO', 'Impuesto', 8900.00, 79, 1, 'VARIOS', 'UN', 'SALDO', 'NIÑOS', 'NIÑOS'),
('7450096003998', 'BURRO', 'Impuesto', 39900.00, 53, 1, 'ROCKLAND', 'UN', 'SALDO', 'BURRO', 'HOMBRE'),
('7450096023477', 'TENI', 'Impuesto', 26900.00, 152, 1, 'OP', 'UN', 'SALDO', 'TENI', 'HOMBRE'),
('7450096086342', 'TENNI', 'Impuesto', 24500.00, 71, 1, 'OP', 'UN', 'SALDO', 'TENI', 'MUJER'),
('7450096088322', 'TENNI', 'Impuesto', 24900.00, 71, 1, 'OP', 'UN', 'SALDO', 'TENI', 'MUJER'),
('7450096133541', 'TENI', 'Impuesto', 29000.00, 51, 1, 'DC', 'UN', 'SALDO', 'TENI', 'HOMBRE'),
('7450096247590', 'BURRO', 'Impuesto', 19900.00, 47, 1, 'OP', 'UN', 'SALDO', 'BURRO', 'MUJER'),
('7450096266546', 'BURRO', 'Impuesto', 19900.00, 61, 1, 'OP', 'UN', 'SALDO', 'BURRO', 'MUJER'),
('7450096288005', 'PATRINCK', 'IMPUESTO', 29900.00, 903, 1, 'PATRICK', 'UN', 'TACO', 'TENI', 'HOMBRE'),
('7450096378904', 'TENI', 'Impuesto', 26500.00, 51, 1, 'PATRICK', 'UN', 'SALDO', 'TENI', 'HOMBRE'),
('7450096396670', 'TENI', 'Impuesto', 26900.00, 52, 1, 'TENI', 'UN', 'SALDO', 'TENI', 'MUJER'),
('7450096409745', 'ECKO', 'IMPUESTO', 25830.00, 175, 1, 'ECKO', 'UN', 'SALDO', 'SALDO', 'HOMBRE'),
('7450096478277', 'TENI', 'Impuesto', 25900.00, 209, 1, 'OP', 'UN', 'IMPORTADO', 'TENI', 'HOMBRE'),
('7453005682000', 'TENI', 'Impuesto', 11900.00, 66, 1, 'URBAN', 'UN', 'TENI', 'TENI', 'MUJER'),
('7453009120249', 'TENNI', 'Impuesto', 10500.00, 53, 1, 'OP', 'UN', 'SALDO', 'TENI', 'MUJER'),
('7453034666613', 'MUÑECA', 'Impuesto', 9890.00, 62, 1, 'SPICY', 'UN', 'IMPORTADO', 'MUÑECA', 'MUJER'),
('7453034666620', 'MUÑECA', 'Impuesto', 9890.00, 60, 1, 'SPICY', 'UN', 'IMPORTADO', 'MUÑECA', 'MUJER'),
('7453034673079', 'TENI', 'Impuesto', 13990.00, 79, 1, 'SPICY', 'UN', 'IMPORTADO', 'TENI', 'HOMBRE'),
('7453034673970', 'ZAPATILLA', 'Impuesto', 14990.00, 80, 1, 'FIORENZI', 'UN', 'IMPORTADO', 'ZAPATILLA', 'HOMBRE'),
('7453034673987', 'ZAPATO', 'Impuesto', 14990.00, 86, 1, 'FIORENZI', 'UN', 'IMPORTADO', 'ZAPATO', 'HOMBRE'),
('7453034674434', 'TENI', 'Impuesto', 14990.00, 81, 1, 'FIORENZI', 'UN', 'IMPORTADO', 'TENI', 'HOMBRE'),
('7453034674458', 'ZAPATO', 'Impuesto', 14990.00, 53, 1, 'FIORENZI', 'UN', 'IMPORTADO', 'ZAPATO', 'HOMBRE'),
('7453034674991', 'ZAPATO', 'Impuesto', 14990.00, 54, 1, 'FIORENZI', 'UN', 'IMPORTADO', 'ZAPATO', 'HOMBRE'),
('7453034675233', 'TENI', 'Impuesto', 14990.00, 64, 1, 'FIOREZI', 'UN', 'IMPORTADO', 'TENI', 'HOMBRE'),
('7453052522472', 'AXION', 'Impuesto', 19800.00, 54, 1, 'AXION', 'UN', 'SALDO', 'BURRO', 'HOMBRE'),
('7453052522830', 'TENI', 'Impuesto', 8900.00, 51, 1, 'AXION', 'UN', 'SALDO', 'TENI', 'MUJER');
INSERT INTO `items` (`Barcode`, `Descripcion`, `Impuesto`, `Precio`, `OnHand`, `Costo`, `Marca`, `Talla`, `Familia`, `Estilo`, `Genero`) VALUES
('7453056127284', 'ZAPATO', 'Impuesto', 16900.00, 160, 1, 'VARIOS', 'UN', 'SALDO', 'NIÑOS', 'NIÑOS'),
('7453056127802', 'ZAPATO', 'Impuesto', 14900.00, 67, 1, 'VARIOS', 'UN', 'SALDO', 'NIÑOS', 'NIÑOS'),
('7453056132554', 'CONFORT', 'Impuesto', 14900.00, 83, 1, 'FLEXY', 'UN', 'SALDO', 'CONFORT', 'MUJER'),
('7453056132776', 'MUÑECA', 'Impuesto', 14900.00, 61, 1, 'FLEXY STYLE', 'UN', 'SALDO', 'MUÑECA', 'MUJER'),
('7453056132844', 'MUÑECA', 'Impuesto', 14990.00, 51, 1, 'FLEXY STYLE', 'UN', 'SALDO', 'MUÑECA', 'MUJER'),
('7453056133926', 'PLATAFORMA', 'Impuesto', 9980.00, 92, 1, 'FLEXY STYLE', 'UN', 'SALDO', 'PLATAFORMA', 'MUJER'),
('7453056133957', 'PLATAFORMA', 'Impuesto', 9980.00, 51, 1, 'FLEXY STYLE', 'UN', 'SALDO', 'PLATAFORMA', 'MUJER'),
('7453056134756', 'TENI', 'Impuesto', 17900.00, 53, 1, 'ONE DIRE', 'UN', 'TENI', 'TENI', 'MUJER'),
('7453056135678', 'ZAPATILLA', 'Impuesto', 22900.00, 60, 1, 'REGATTA', 'UN', 'SALDO', 'ZAPATILLA', 'HOMBRE'),
('7453056145394', 'Tenis', 'Impuesto', 15900.00, 60, 1, 'Minions', 'UN', 'SALDO', 'NIÑO', 'HOMBRE'),
('7453056148333', 'SANDALIAS', 'Impuesto', 11600.00, 69, 1, 'VARIAS', 'UN', 'SALDO', 'SANDALIAS', 'MUJER'),
('7453056149477', 'ZAPATO', 'Impuesto', 11500.00, 63, 1, 'VARIOS', 'UN', 'SALDO', 'NIÑOS', 'NIÑOS'),
('7453057373574', 'HULE', 'Impuesto', 3890.00, 126, 1, 'ULTRALIGT', 'UN', 'IMPORTADO', 'HULE', 'UNISEX'),
('7453057373604', 'HULE', 'Impuesto', 3980.00, 119, 1, 'ULTRALIGT', 'UN', 'IMPORTADO', 'HULE', 'UNISEX'),
('7453057373666', 'HULE', 'Impuesto', 3290.00, 125, 1, 'ULTRALIGT', 'UN', 'IMPORTADO', 'HULE', 'UNISEX'),
('7453057377718', 'HULE', 'Impuesto', 7890.00, 89, 1, 'SUN SURFER', 'UN', 'IMPORTADO', 'HULE', 'HOMBRE'),
('7453057377725', 'HULE', 'Impuesto', 7890.00, 91, 1, 'SUN SURFER', 'UN', 'IMPORTADO', 'HULE', 'JUVENIL'),
('7453057378050', 'ZAPATILLA', 'Impuesto', 19500.00, 51, 1, 'WESTAIR', 'UN', 'SALDO', 'ZAPATILLA', 'HOMBRE'),
('7453057381999', 'HULE', 'Impuesto', 3890.00, 76, 1, 'MOLSER', 'UN', 'IMPORTADO', 'SAPOS BLANCOS', 'UNISEX'),
('7453057382002', 'HULE', 'Impuesto', 3990.00, 74, 1, 'MOLSER', 'UN', 'IMPORTADO', 'SAPOS BLANCOS', 'UNISEX'),
('7453057388523', 'SANDALIA', 'Impuesto', 3890.00, 51, 1, 'NIÑA', 'UN', 'IMPORTADO', 'NIÑA', 'VARIOS'),
('7453057394265', 'LONA', 'Impuesto', 5980.00, 51, 1, 'VARIOS', 'UN', 'IMPORTADO', 'TENI', 'UNISEX'),
('7453057397549', 'LONA', 'Impuesto', 7780.00, 145, 1, 'TIKO', 'UN', 'IMPORTADO', 'LONA', 'NIÑOS'),
('7453057397563', 'TENI', 'Impuesto', 7780.00, 136, 1, 'TIKO', 'UN', 'IMPORTADO', 'TENI', 'MUJER'),
('7453057399925', 'HULE', 'Impuesto', 7990.00, 119, 1, 'ENJOY', 'UN', 'IMPORTADO', 'SAPOS BLANCOS AZUL', 'UNISEX'),
('7453059132834', 'TENI', 'Impuesto', 28900.00, 56, 1, 'HUMMER', 'UN', 'SALDO', 'TENI', 'HOMBRE'),
('7453060149852', 'ENFERMMERIA', 'Impuesto', 17900.00, 123, 1, 'PIERO', 'UN', 'SALDO', 'ENFERMERIA', 'MUJER'),
('7453064048366', 'TENI', 'Impuesto', 23500.00, 51, 1, 'RUNNER', 'UN', 'TENI', 'TENI', 'HOMBRE'),
('7453064048434', 'niño', 'Impuesto', 18500.00, 83, 1, 'RUNNER', 'UN', 'SALDO', 'TENI', 'NIÑOS'),
('7453066676574', 'TENI', 'Impuesto', 18500.00, 83, 1, 'URBAN', 'UN', 'SALDO', 'TENI', 'MUJER'),
('7453066747311', 'SANDALIA', 'Impuesto', 6900.00, 51, 1, 'BLINK', 'UN', 'SALDO', 'NIÑO', 'NIÑO'),
('7453066764998', 'MUÑECA', 'Impuesto', 8900.00, 74, 1, 'BLINK', 'UN', 'SALDO', 'MUÑECA', 'MUJER'),
('7453066769757', 'MUÑECA', 'Impuesto', 9590.00, 96, 1, 'BLINK', 'UN', 'SALDO', 'MUÑECA', 'MUJER'),
('7453066773648', 'TACON', 'Impuesto', 13900.00, 103, 1, 'BLINCK', 'UN', 'SALDO', 'TACON', 'MUJER'),
('7453066775444', 'MUÑECA', 'Impuesto', 9890.00, 89, 1, 'BLINK', 'UN', 'SALDO', 'MUÑECA', 'MUJER'),
('7453066775604', 'TACON', 'Impuesto', 19900.00, 52, 1, 'BLINK', 'UN', 'SALDO', 'TACON', 'MUJER'),
('7453066778995', 'NIÑA', 'Impuesto', 7590.00, 54, 1, 'BLINK', 'UN', 'SALDO', 'MUÑECA', 'NIÑA'),
('7453066783234', 'MUÑECA', 'Impuesto', 6900.00, 56, 1, 'BLINK', 'UN', 'SALDO', 'MUÑECA', 'MUJER'),
('7453066787188', 'MUÑECA', 'Impuesto', 9900.00, 94, 1, 'BLINK', 'UN', 'IMPORTADO', 'LONA', 'MUJER'),
('7453066788529', 'SANDALIA', 'Impuesto', 9900.00, 143, 1, 'BLINK', 'UN', 'IMPORTADO', 'BAJA', 'MUJER'),
('7453066794049', 'niño', 'Impuesto', 11900.00, 55, 1, 'BSH', 'UN', 'SALDO', 'TENI', 'NIÑOS'),
('7453066794377', 'niño', 'Impuesto', 12990.00, 55, 1, 'BSH', 'UN', 'SALDO', 'TENI', 'NIÑOS'),
('7453066794537', 'TENI', 'Impuesto', 13990.00, 63, 1, 'BLINK', 'UN', 'TENI', 'TENI', 'MUJER'),
('7453066796494', 'MUÑECA', 'Impuesto', 4990.00, 74, 1, 'KUKI', 'UN', 'SALDO', 'MUÑECA', 'MUJER'),
('7453066796661', 'MUÑECA', 'Impuesto', 4990.00, 104, 1, 'BLINK', 'UN', 'IMPORTADO', 'MUÑECA', 'MUJER'),
('7453066797699', 'MUÑECA', 'Impuesto', 9900.00, 51, 1, 'VARIOS', 'UN', 'SALDO', 'MUÑECA', 'MUJER'),
('7453068527768', 'BURRO', 'Impuesto', 49500.00, 65, 1, 'GOOD YEAR', 'UN', 'SALDO', 'TENI', 'MUJER'),
('7453071403882', 'ZAPATILLA', 'Impuesto', 23500.00, 51, 1, 'POLO', 'UN', 'SALDO', 'ZAPATILLA', 'HOMBRE'),
('7453073325953', 'TACON', 'Impuesto', 15900.00, 52, 1, '2B', 'UN', 'SALDO', 'TACON', 'MUJER'),
('7453073359767', 'PLATAFORMA', 'Impuesto', 9980.00, 233, 1, '2B', 'UN', 'SALDO', 'PLATAFORMA', 'MUJER'),
('7453073361098', 'SANDALIA', 'Impuesto', 9890.00, 63, 1, 'SEPTIMA', 'UN', 'SALDO', 'CUÑA', 'MUJER'),
('7453073367564', 'MUÑECA', 'Impuesto', 6900.00, 52, 1, 'LIP LOVER', 'UN', 'SALDO', 'MUÑECA', 'MUJER'),
('7453073382734', 'TACON', 'Impuesto', 19590.00, 53, 1, '2B', 'UN', 'SALDO', 'TACON', 'MUJER'),
('7453073382765', 'SANDALIAS', 'Impuesto', 19590.00, 55, 1, 'VARIAS', 'UN', 'SALDO', 'SANDALIAS', 'MUJER'),
('7453073383069', 'TACON', 'Impuesto', 16900.00, 65, 1, '2B', 'UN', 'SALDO', 'TACON', 'MUJER'),
('7453073383243', 'SANDALIAS', 'Impuesto', 15900.00, 51, 1, 'VARIAS', 'UN', 'SALDO', 'SANDALIAS', 'MUJER'),
('7453073383267', 'TACON', 'Impuesto', 15900.00, 56, 1, '2B', 'UN', 'SALDO', 'TACON', 'MUJER'),
('7453074505781', 'ZAPATO', 'Impuesto', 13900.00, 51, 1, 'RADICAL', 'UN', 'SALDO', 'ZAPATO', 'UNISEX'),
('7453074514271', 'TACON', 'Impuesto', 18500.00, 71, 1, 'DONNA MARA', 'UN', 'SALDO', 'CUÑA', 'MUJER'),
('7453074514370', 'TACON', 'Impuesto', 18500.00, 51, 1, 'DONNA MARA', 'UN', 'SALDO', 'TACON', 'MUJER'),
('7453074938596', 'MUÑECA', 'Impuesto', 5590.00, 120, 1, '2YOU', 'UN', 'SALDO', 'MUÑECA', 'MUJER'),
('7453076994620', 'TENI', 'Impuesto', 28500.00, 52, 1, 'US POLO', 'UN', 'TENI', 'TENI', 'MUJER'),
('7453077713213', 'PLATAFORMA', 'Impuesto', 9980.00, 275, 1, 'MUJER', 'UN', 'SALDO', 'MUJER', 'VARIOS'),
('7453077721638', 'SANDALIA', 'Impuesto', 8590.00, 60, 1, 'APRILIA', 'UN', 'SALDO', 'SANDALIA', 'MUJER'),
('7453077721911', 'TACON', 'Impuesto', 17990.00, 52, 1, 'TACON', 'UN', 'SALDO', 'SANDALIA', 'MUJER'),
('7453077722123', 'PLATAFORMA', 'Impuesto', 17990.00, 58, 1, 'KALOA', 'UN', 'SALDO', 'PLATAFORMA', 'MUJER'),
('7453077723120', 'MUÑECA', 'Impuesto', 9990.00, 230, 1, 'OREGANO', 'UN', 'SALDO', 'CUÑA', 'MUJER'),
('7453078806310', 'CUÑA', 'Impuesto', 16700.00, 50, 1, 'THERA FLEX', 'UN', 'SALDO', 'CUÑA', 'MUJER'),
('7453079033357', 'MUÑECA', 'Impuesto', 8990.00, 52, 1, 'SPICY', 'UN', 'IMPORTADO', 'MUÑECA', 'MUJER'),
('7453079033722', 'TENI', 'Impuesto', 7990.00, 63, 1, 'SPICY', 'UN', 'IMPORTADO', 'TENI', 'MUJER'),
('7453079035245', 'SANDALIA', 'Impuesto', 8990.00, 63, 1, 'BLOOM', 'UN', 'IMPORTADO', 'SANDALIA', 'NIÑA'),
('7453079035368', 'NIÑA', 'Impuesto', 8990.00, 68, 1, 'BLOOM', 'UN', 'IMPORTADO', 'SANDALIA', 'NIÑA'),
('7453079039533', 'SANDALIA', 'Impuesto', 9890.00, 60, 1, 'FOLLIES', 'UN', 'EMPREZA', 'SANDALIA', 'MUJER'),
('7453079039540', 'SANDALIA', 'Impuesto', 9890.00, 74, 1, 'FOLLIES', 'UN', 'EMPREZA', 'SANDALIA', 'MUJER'),
('7453079039571', 'SANDALIA', 'Impuesto', 9890.00, 148, 1, 'FOLLIES', 'UN', 'IMPORTADO', 'SANDALIA', 'MUJER'),
('7453079039588', 'SANDALIA', 'Impuesto', 9890.00, 64, 1, 'FOLLIES', 'UN', 'IMPORTADO', 'MUÑECA', 'MUJER'),
('7453079039823', 'MUÑECA', 'Impuesto', 6890.00, 49, 1, 'SPICY', 'UN', 'IMPORTADO', 'MUÑECA', 'MUJER'),
('7453079040218', 'SANDALIA', 'Impuesto', 9890.00, 54, 1, 'FOLLIES', 'UN', 'EMPREZA', 'SANDALIA', 'MUJER'),
('7453079040225', 'SANDALIA', 'Impuesto', 9890.00, 50, 1, 'FOLLIES', 'UN', 'NACIONAL', 'SANDALIA', 'MUJER'),
('7453079040287', 'TENNIS', 'Impuesto', 13990.00, 51, 1, 'SPICY', 'UN', 'SALDO', 'TENNIS', 'MUGER'),
('7453079040294', 'TENI', 'Impuesto', 13990.00, 51, 1, 'FIORENZI', 'UN', 'SALDO', 'TENI', 'HOMBRE'),
('7453079040744', 'SANDALIA', 'Impuesto', 8990.00, 82, 1, 'FOLLIES', 'UN', 'IMPORTADO', 'SANDALIA', 'MUJER'),
('7453079040751', 'SANDALIA', 'Impuesto', 8990.00, 62, 1, 'FOLLIES', 'UN', 'IMPORTADO', 'SANDALIA', 'MUJER'),
('7453079040768', 'SANDALIA', 'Impuesto', 9890.00, 58, 1, 'FOLLIES', 'UN', 'IMPORTADO', 'SANDALIA', 'MUJER'),
('7453079040775', 'SANDALIA', 'Impuesto', 9890.00, 62, 1, 'FOLLIES', 'UN', 'IMPORTADO', 'SANDALIA', 'MUJER'),
('7453079040874', 'MUÑECA', 'Impuesto', 9890.00, 62, 1, 'SPICY', 'UN', 'IMPORTADO', 'SANDALIA', 'MUJER'),
('7453079041246', 'TENNI', 'IMPUESTO', 11590.00, 86, 1, 'SPICY', 'UN', 'PANAMA', 'CASUAL', 'MUJER'),
('7453079041253', 'TENI', 'Impuesto', 11590.00, 64, 1, 'FIORENZI', 'UN', 'SALDO', 'TENI', 'HOMBRE'),
('7453079041956', 'CUÑA', 'Impuesto', 11990.00, 51, 1, 'FOLLIES', 'UN', 'IMPORTADO', 'CUÑA', 'MUJER'),
('7453079042229', 'MUÑECA', 'Impuesto', 9890.00, 64, 1, 'SPICY', 'UN', 'IMPORTADO', 'MUÑECA', 'MUJER'),
('7453079047484', 'MUJER', 'Impuesto', 10900.00, 53, 1, 'VARIOS', 'UN', 'SALDO', 'MUJER', 'MUJER'),
('7453079450710', 'PLATAFORMA', 'Impuesto', 18590.00, 55, 1, 'PARABELA', 'UN', 'SALDO', 'PLATAFORMA', 'MUJER'),
('7453079455135', 'PLATAFORMA', 'Impuesto', 17900.00, 54, 1, 'PARABELA', 'UN', 'SALDO', 'PLATAFORMA', 'MUJER'),
('7453079455258', 'PLATAFORMA', 'Impuesto', 18900.00, 51, 1, '(en blanco)', 'UN', 'PLATAFORMA', '(en blanco)', 'UN'),
('7453079455272', 'PLATAFORMA', 'Impuesto', 18900.00, 58, 1, 'PARABELA', 'UN', 'SALDO', 'PLATAFORMA', 'MUJER'),
('7453079456316', 'ZAPATILLA', 'Impuesto', 16900.00, 51, 1, 'WALKS', 'UN', 'SALDO', 'ZAPATO', 'HOMBRE'),
('7453081805157', 'TENI', 'Impuesto', 25200.00, 51, 1, 'RUNNER', 'UN', 'TENI', 'TENI', 'HOMBRE'),
('7453081806802', 'niño', 'Impuesto', 15900.00, 55, 1, 'RUNNER', 'UN', 'SALDO', 'TENI', 'NIÑOS'),
('7453081845597', 'TENI', 'Impuesto', 14590.00, 51, 1, 'RUNNER', 'UN', 'FUTSALA', 'FUTSALA', 'HOMBRE'),
('7453081930002', 'TENI', 'Impuesto', 17500.00, 55, 1, 'JORDACHE', 'UN', 'SALDO', 'TENI', 'HOMBRE'),
('7453081930019', 'TENI', 'Impuesto', 17500.00, 51, 1, '(en blanco)', 'UN', 'TENI', '(en blanco)', 'UN'),
('7453081930125', 'TENI', 'Impuesto', 21500.00, 53, 1, 'JORDACHE', 'UN', 'SALDO', 'TENI', 'HOMBRE'),
('7453081930613', 'TENI', 'Impuesto', 18500.00, 59, 1, 'GSL', 'UN', 'SALDO', 'TENI', 'HOMBRE'),
('7453083501132', 'ZAPATILLA', 'Impuesto', 17900.00, 53, 1, 'GINO', 'UN', 'SALDO', 'HOMBRE', 'SALDO'),
('7453083502627', 'TACON', 'Impuesto', 15900.00, 59, 1, 'FLEXY', 'UN', 'SALDO', 'TACON', 'MUJER'),
('7453085315317', 'MUJER', 'Impuesto', 15990.00, 52, 1, 'vario', 'UN', 'zapato', 'MUJER', 'MUJER'),
('7453085315676', 'SANDALIA', 'Impuesto', 15900.00, 51, 1, 'FLEXY', 'UN', 'SALDO', 'SANDALIA', 'MUJER'),
('7453086800171', 'TACO', 'Impuesto', 15900.00, 51, 1, 'RUNNER', 'UN', 'TACO', 'TACO', 'HOMBRE'),
('7453086801871', 'TENI', 'Impuesto', 17900.00, 64, 1, 'RUNNER', 'UN', 'SALDO', 'TACO', 'HOMBRE'),
('7453086815977', 'CUÑA', 'Impuesto', 15995.00, 69, 1, 'BLUE I', 'UN', 'IMPORTADO', 'CUÑA', 'MUJER'),
('7453086815991', 'PLATAFORMA', 'Impuesto', 15995.00, 82, 1, 'BLUE I', 'UN', 'IMPORTADO', 'PLATAFORMA', 'MUJER'),
('7453086829776', 'TENI', 'Impuesto', 16900.00, 69, 1, 'RUNNER', 'UN', 'SALDO', 'TENI', 'MUJER'),
('7453086829790', 'TENI', 'Impuesto', 16900.00, 51, 1, 'RUNNER', 'UN', 'SALDO', 'TENI', 'HOMBRE'),
('7453086831120', 'BOTA', 'Impuesto', 21900.00, 55, 1, 'MAXI', 'UN', 'SALDO', 'BOTA', 'MUJER'),
('7453086832905', 'CUÑA', 'Impuesto', 11990.00, 55, 1, 'BELINDA', 'UN', 'IMPORTADO', 'SANDALIA', 'MUJER'),
('7453086832936', 'CUÑA', 'Impuesto', 11990.00, 52, 1, 'BELINDA', 'UN', 'IMPORTADO', 'SANDALIA', 'MUJER'),
('7453086832950', 'CUÑA', 'Impuesto', 11990.00, 52, 1, 'BELINDA', 'UN', 'IMPORTADO', 'SANDALIA', 'MUJER'),
('7453086833230', 'PLATAFORMA', 'Impuesto', 15995.00, 78, 1, 'BLUE I', 'UN', 'IMPORTADO', 'PLATAFORMA', 'MUJER'),
('7453086833254', 'PLATAFORMA', 'Impuesto', 15995.00, 53, 1, 'BLEI', 'UN', 'IMPORTADO', 'PLATAFORMA', 'MUJER'),
('7453086833285', 'PLATAFORMA', 'Impuesto', 15990.00, 226, 1, 'BLUE I', 'UN', 'SALDO', 'PLATAFORMA', 'MUJER'),
('7453086834831', 'CUÑA', 'Impuesto', 15990.00, 56, 1, 'CATALEYA', 'UN', 'IMPORTADO', 'CUÑA', 'MUJER'),
('7453086842805', 'TENI', 'Impuesto', 17900.00, 53, 1, 'RUNNER', 'UN', 'SALDO', 'TENI', 'MUJER'),
('7453086842980', 'BELINDA', 'Impuesto', 5590.00, 180, 1, 'BLINDA', 'UN', 'SALDO', 'MUÑECA', 'MUJER'),
('7453086846254', 'TENI', 'Impuesto', 13900.00, 98, 1, 'SWIFER', 'UN', 'IMPORTADO', 'TENI', 'MUJER'),
('7453086846285', 'TENI', 'Impuesto', 13900.00, 51, 1, 'SWIFER', 'UN', 'IMPORTADO', 'TENI', 'HOMBRE'),
('7453086847114', 'TENI', 'Impuesto', 17800.00, 50, 1, 'SWIFER', 'UN', 'IMPORTADO', 'TENI', 'HOMBRE'),
('7453086847466', 'TENI', 'Impuesto', 17800.00, 50, 1, 'SWIFER', 'UN', 'IMPORTADO', 'TENI', 'MUJER'),
('7453086847480', 'TENI', 'Impuesto', 17800.00, 51, 1, 'SWIFER', 'UN', 'IMPORTADO', 'TENI', 'MUJER'),
('7453086847510', 'TENI', 'Impuesto', 13900.00, 52, 1, 'SWIFER', 'UN', 'IMPORTADO', 'TENI', 'MUJER'),
('7453086849088', 'TENI', 'Impuesto', 17800.00, 135, 1, 'SWIFER', 'UN', 'IMPORTADO', 'TENI', 'HOMBRE'),
('7453086849125', 'TENI', 'Impuesto', 17800.00, 51, 1, 'SWIFER', 'UN', 'IMPORTADO', 'TENI', 'HOMBRE'),
('7453087603535', 'HULE', 'Impuesto', 3290.00, 129, 1, 'HULE', 'UN', 'IMPORTADO', 'HULE', 'NIÑO'),
('7453087608981', 'TENI', 'Impuesto', 7990.00, 120, 1, 'TENI', 'UN', 'SALDO', 'UNISEX', 'UNISEX'),
('7453087610755', 'HULE', 'Impuesto', 3980.00, 51, 1, 'VARIOS', 'UN', 'IMPORTADO', 'SANDALIA', 'MUJER'),
('7453087616252', 'HULE', 'Impuesto', 4890.00, 79, 1, 'HULE', 'UN', 'IMPORTADO', 'HULE', 'HOMBRE'),
('7453087616269', 'HULE', 'Impuesto', 4890.00, 87, 1, 'HULE', 'UN', 'IMPORTADO', 'HULE', 'JUVENIL'),
('7453087617808', 'LONA', 'Impuesto', 7780.00, 129, 1, 'WALKWAY', 'UN', 'IMPORTADO', 'HULE', 'MUJER'),
('7453087617860', 'LONA', 'Impuesto', 7990.00, 70, 1, 'LONA', 'UN', 'IMPORTADO', 'LONA', 'HOMBRE'),
('7453087617877', 'LONA', 'Impuesto', 7780.00, 144, 1, 'WALKWAY', 'UN', 'IMPORTADO', 'HULE', 'MUJER'),
('7453087617884', 'LONA', 'Impuesto', 7990.00, 133, 1, 'LONA', 'UN', 'IMPORTADO', 'LONA', 'MUJER'),
('7453087622475', 'TENI', 'Impuesto', 9890.00, 62, 1, 'TENI', 'UN', 'SALDO', 'TENI', 'MUJER'),
('7453087622567', 'TENI', 'Impuesto', 8590.00, 59, 1, 'WALKWAY', 'UN', 'IMPORTADO', 'TENI NEGRA', 'UNISEX'),
('7453087622574', 'TENI', 'Impuesto', 8590.00, 63, 1, 'WALKWAY', 'UN', 'IMPORTADO', 'TENI', 'HOMBRER'),
('7453087623137', 'TENI', 'Impuesto', 9980.00, 76, 1, 'WALKWAY', 'UN', 'IMPORTADO', 'TENI', 'MUJER'),
('7453087623175', 'TENI', 'Impuesto', 9980.00, 75, 1, 'WALKWAY', 'UN', 'IMPORTADO', 'TENI MUJER', 'MUJER'),
('7453087623489', 'TENI', 'Impuesto', 5490.00, 131, 1, 'WALKSIDE', 'UN', 'IMPORTADO', 'TENI', 'MUJER'),
('7453087624073', 'SANDALIA', 'Impuesto', 3980.00, 112, 1, 'SURFER', 'UN', 'IMPORTADO', 'SANDALIA', 'HOMBRE'),
('7453087624080', 'HULE', 'Impuesto', 3890.00, 74, 1, 'SUN SURFER', 'UN', 'IMPORTADO', 'HULE', 'HOMBRE'),
('7453087624943', 'HULE', 'Impuesto', 4890.00, 168, 1, 'MOSER', 'UN', 'IMPORTADO', 'HULE', 'UNISEX'),
('7453087626428', 'HULE', 'Impuesto', 8590.00, 165, 1, 'WALKWAY', 'UN', 'IMPORTADO', 'HULE', 'UNISEX'),
('7453087626459', 'LONA', 'Impuesto', 7890.00, 140, 1, 'WALKWAY', 'UN', 'IMPORTADO', 'HULE', 'UNISEX'),
('7453087627050', 'HULE', 'Impuesto', 3990.00, 123, 1, 'MOLSER', 'UN', 'IMPORTADO', 'SANDALIA', 'NIÑO'),
('7453087627128', 'HULE', 'Impuesto', 3290.00, 116, 1, 'HULE', 'UN', 'IMPORTADO', 'HULE', 'NIÑO'),
('7453087627180', 'HULE', 'Impuesto', 3590.00, 117, 1, 'MOLSER', 'UN', 'IMPORTADO', 'HULE', 'NIÑOS'),
('7453087627371', 'HULE', 'Impuesto', 4890.00, 129, 1, 'MOLSER', 'UN', 'IMPORTADO', 'SANDALIA', 'HOMBRE'),
('7453087630838', 'HULE', 'Impuesto', 3890.00, 176, 1, 'HULE', 'UN', 'IMPORTADO', 'HULE', 'NIÑA'),
('7453087631859', 'HULE', 'Impuesto', 4890.00, 109, 1, 'MOSER', 'UN', 'IMPORTADO', 'HULE', 'UNISEX'),
('7453087636786', 'SANDALIA', 'Impuesto', 3980.00, 55, 1, 'BAHIA', 'UN', 'BAHIA', 'SANDALIA', 'MUJER'),
('7453087637189', 'HULE', 'Impuesto', 3980.00, 168, 1, 'BAHIA', 'UN', 'IMPORTADO', 'HULE', 'HOMBRE'),
('7453087637196', 'SANDALIA', 'Impuesto', 3980.00, 186, 1, 'BAHIA', 'UN', 'IMPORTADO', 'SANDALIA', 'HOMBRE'),
('7453087900856', 'TACON', 'Impuesto', 14900.00, 62, 1, 'BLINK', 'UN', 'SALDO', 'TACON', 'MUJER'),
('7453087903185', 'TACON', 'Impuesto', 13900.00, 159, 1, 'BLINK', 'UN', 'SALDO', 'TACON', 'MUJER'),
('7453087904090', 'MUÑECA', 'Impuesto', 9890.00, 66, 1, 'BLINK', 'UN', 'SALDO', 'MUÑECA', 'MUJER'),
('7453087904229', 'MUÑECA', 'Impuesto', 10900.00, 62, 1, 'BLINK', 'UN', 'SALDO', 'MUÑECA', 'MUJER'),
('7453087910671', 'MUÑECA', 'Impuesto', 9890.00, 61, 1, 'BLINK', 'UN', 'SALDO', 'MUÑECA', 'MUJER'),
('7453087910831', 'CUÑA', 'Impuesto', 11590.00, 52, 1, 'BLINK', 'UN', 'SALDO', 'CUÑA', 'MUJER'),
('7453087910848', 'TACO', 'Impuesto', 14900.00, 58, 1, 'BLINK', 'UN', 'SALDO', 'TACON', 'MUJER'),
('7453087910862', 'SANDALIAS', 'Impuesto', 14900.00, 52, 1, 'VARIAS', 'UN', 'SALDO', 'SANDALIAS', 'MUJER'),
('7453087911111', 'MUÑECA', 'Impuesto', 9890.00, 64, 1, 'BLINK', 'UN', 'SALDO', 'MUÑECA', 'MUJER'),
('7453087911159', 'MUÑECA', 'Impuesto', 9890.00, 52, 1, 'BLINK', 'UN', 'SALDO', 'MUÑECA', 'MUJER'),
('7453087911357', 'TACON', 'Impuesto', 12990.00, 68, 1, 'BLINK', 'UN', 'SALDO', 'TACON', 'MUJER'),
('7453087911746', 'SANDALIAS', 'Impuesto', 9890.00, 51, 1, 'VARIAS', 'UN', 'SALDO', 'SANDALIAS', 'MUJER'),
('7453087911791', 'TACON', 'Impuesto', 17590.00, 79, 1, 'BLINK', 'UN', 'SALDO', 'TACON', 'MUJER'),
('7453087912385', 'TACON', 'Impuesto', 15290.00, 52, 1, 'BLINK', 'UN', 'SALDO', 'TACON', 'MUJER'),
('7453087912408', 'TACON', 'Impuesto', 14590.00, 128, 1, 'BLINK', 'UN', 'SALDO', 'TACON', 'MUJER'),
('7453087913542', 'SANDALIAS', 'Impuesto', 14590.00, 60, 1, 'VARIAS', 'UN', 'SALDO', 'SANDALIAS', 'MUJER'),
('7453087914259', 'TACON', 'Impuesto', 19900.00, 58, 1, 'BLINK', 'UN', 'SALDO', 'TACON', 'MUJER'),
('7453087914457', 'TACON', 'Impuesto', 21900.00, 71, 1, 'BLINK', 'UN', 'SALDO', 'TACON', 'MUJER'),
('7453087914525', 'TACON', 'Impuesto', 19900.00, 77, 1, 'BLINK', 'UN', 'SALDO', 'TACON', 'MUJER'),
('7453087915478', 'TACON', 'Impuesto', 13590.00, 70, 1, 'BLINK', 'UN', 'SALDO', 'TACON', 'MUJER'),
('7453087930440', 'ZAPATO', 'Impuesto', 9500.00, 131, 1, 'VARIOS', 'UN', 'SALDO', 'NIÑOS', 'NIÑOS'),
('7453087932383', 'MUÑECA', 'Impuesto', 6590.00, 53, 1, 'KUKI', 'UN', 'SALDO', 'MUÑECA', 'MUJER'),
('7453087936213', 'MUÑECA', 'Impuesto', 9590.00, 145, 1, 'BLINK', 'UN', 'SALDO', 'MUÑECA', 'MUJER'),
('7453087936329', 'MUÑECA', 'Impuesto', 8990.00, 50, 1, 'MUÑECA', 'UN', 'SALDO', 'SANDALIA', 'MUJER'),
('7453087936787', 'MUÑECA', 'Impuesto', 8990.00, 142, 1, 'BLINK', 'UN', 'SALDO', 'MUÑECA', 'MUJER'),
('7453087937562', 'MUÑECA', 'Impuesto', 11900.00, 51, 1, 'VARIOS', 'UN', 'SALDO', 'MUÑECA', 'MUJER'),
('7453087937586', 'MUÑECA', 'Impuesto', 8990.00, 147, 1, 'BLINK', 'UN', 'SALDO', 'TENI', 'MUJER'),
('7453087955238', 'MUÑECA', 'Impuesto', 4990.00, 51, 1, 'KUKI', 'UN', 'SALDO', 'MUÑECA', 'MUJER'),
('7453087955825', 'MUÑECA', 'Impuesto', 5990.00, 55, 1, 'KUKI', 'UN', 'SALDO', 'MUÑECA', 'MUJER'),
('7453087986607', 'ZAPATILLA', 'Impuesto', 13990.00, 86, 1, 'BSH', 'UN', 'IMPORTADO', 'ZAPATILLA', 'HOMBRE'),
('7453088600021', 'TENI', 'Impuesto', 13990.00, 77, 1, '54', 'UN', 'IMPORTADO', 'TENI', 'HOMBRE'),
('7453088600045', 'TENI', 'Impuesto', 16990.00, 52, 1, '54', 'UN', 'IMPORTADO', 'TENI', 'HOMBRE'),
('7453088600052', 'ZAPATO', 'Impuesto', 16990.00, 52, 1, '54', 'UN', 'IMPORTADO', 'CASUAL', 'HOMBRE'),
('7453088600069', 'TENI', 'Impuesto', 16900.00, 51, 1, '54', 'UN', 'IMPORTADO', 'TENI', 'HOMBRE'),
('7453088600854', 'HULE', 'Impuesto', 7780.00, 71, 1, 'DULCE LUCY', 'UN', 'SANDALIA', 'DORADO', 'MUJER'),
('7453088600861', 'HULE', 'Impuesto', 7780.00, 62, 1, 'DULCE LUCY', 'UN', 'SANDALIA', 'DORADO', 'MUJER'),
('7453088607341', 'SANDALIA', 'Impuesto', 4990.00, 51, 1, 'ENGREIDAS', 'UN', 'SALDO', 'TENI', 'HOMBRE'),
('7453088607365', 'SANDALIA', 'Impuesto', 4890.00, 52, 1, 'ENGREIDAS', 'UN', 'SALDO', 'TENI', 'HOMBRE'),
('7453088608041', 'MUÑECA', 'Impuesto', 4590.00, 55, 1, 'DULCE LUCY', 'UN', 'SALDO', 'MUÑECA', 'MUJER'),
('7453088608881', 'ZAPATO', 'Impuesto', 4990.00, 307, 1, 'VARIOS', 'UN', 'SALDO', 'NIÑOS', 'NIÑOS'),
('7453088610037', 'TACON', 'Impuesto', 14990.00, 51, 1, 'ENGREIDAS', 'UN', 'SALDO', 'TACON', 'MUJER'),
('7453088611898', 'TENI', 'Impuesto', 8990.00, 53, 1, '54', 'UN', 'SALDO', 'TENI', 'HOMBRE'),
('7453088613649', 'TENI', 'Impuesto', 11990.00, 72, 1, '54', 'UN', 'IMPORTADO', 'TENI LONA', 'HOMBRE'),
('7453088614585', 'MUÑECA', 'Impuesto', 5990.00, 65, 1, 'DULCE LUCY', 'UN', 'SALDO', 'MUÑECA', 'MUJER'),
('7453088616763', 'MUÑECA', 'Impuesto', 3995.00, 133, 1, 'ENGREIDAS', 'UN', 'SALDO', 'MUÑECA', 'MUJER'),
('7453088617555', 'SANDALIAS', 'Impuesto', 5990.00, 65, 1, 'VARIAS', 'UN', 'SALDO', 'SANDALIAS', 'MUJER'),
('7453088617746', 'MUÑECA', 'Impuesto', 6990.00, 52, 1, 'ENGREIDAS', 'UN', 'SALDO', 'MUÑECA', 'MUJER'),
('7453088627561', 'TENI', 'Impuesto', 11990.00, 96, 1, '54', 'UN', 'IMPORTADO', 'TENI LONA', 'HOMBRE'),
('7453088640508', 'TENI', 'Impuesto', 11990.00, 133, 1, '54', 'UN', 'IMPORTADO', 'TENI', 'HOMBRE'),
('7453088642311', 'ZAPATO', 'Impuesto', 16900.00, 75, 1, '54', 'UN', 'IMPORTADO', 'ZAPATO', 'HOMBRE'),
('7453088643189', 'TENI', 'Impuesto', 8990.00, 72, 1, '54', 'UN', 'IMPORTADO', 'TENI', 'HOMBRE'),
('7453088645565', 'TENI', 'Impuesto', 17990.00, 65, 1, '54', 'UN', 'SALDO', 'TENI', 'HOMBRE'),
('7453088645794', 'TENI', 'Impuesto', 15990.00, 51, 1, '54', 'UN', 'SALDO', 'TENI', 'HOMBRE'),
('7453088645862', 'TENI', 'Impuesto', 15990.00, 52, 1, '54', 'UN', 'HOMBRE', 'TENI', 'MUJER'),
('7453088646166', 'TENI', 'Impuesto', 8990.00, 53, 1, 'DULCE LUCY', 'UN', 'IMPORTADO', 'CASUAL', 'MUJER'),
('7453088647071', 'TENI', 'Impuesto', 11990.00, 52, 1, '54', 'UN', 'IMPORTADO', 'TENI LONA', 'HOMBRE'),
('7453088647163', 'TENI', 'Impuesto', 9890.00, 55, 1, '54', 'UN', 'IMPORTADO', 'TENI', 'HOMBRE'),
('7453088647231', 'TENI', 'Impuesto', 11990.00, 63, 1, '54', 'UN', 'IMPORTADO', 'TENI', 'HOMBRE'),
('7453088649112', 'HULE', 'Impuesto', 7780.00, 64, 1, 'DULCE LUCY', 'UN', 'SANDALIA', 'DORADO', 'MUJER'),
('7453088649129', 'HULE', 'Impuesto', 7780.00, 59, 1, 'DULCE LUCY', 'UN', 'SANDALIA', 'DORADO', 'MUJER'),
('7453088649259', 'TENI', 'Impuesto', 15990.00, 51, 1, '54', 'UN', 'IMPORTADO', 'TENI', 'HOMBRE'),
('7453088649273', 'TENI', 'Impuesto', 13990.00, 51, 1, '54', 'UN', 'IMPORTADO', 'TENI', 'HOMBRE'),
('7453088649280', 'TENI', 'Impuesto', 13990.00, 101, 1, '54', 'UN', 'IMPORTADO', 'TENI HOMBRE', 'HOMBRE'),
('7453088649297', 'TENI', 'Impuesto', 13990.00, 68, 1, '54', 'UN', 'IMPORTADO', 'TENI HOMBRE', 'HOMBRE'),
('7453088649303', 'TENI', 'Impuesto', 13990.00, 63, 1, '54', 'UN', 'IMPORTADO', 'TENI HOMBRE', 'HOMBRE'),
('7453089502492', 'TENI', 'Impuesto', 25900.00, 74, 1, 'URBAN', 'UN', 'IMPORTADO', 'TENI', 'HOMBRE'),
('7453089516468', 'MUÑECA', 'Impuesto', 5990.00, 52, 1, 'LIP LOVER', 'UN', 'IMPORTADO', 'MUÑECA', 'MUJER'),
('7453089516765', 'Tenis', 'Impuesto', 9890.00, 54, 1, 'VARIOS', 'UN', 'SALDO', 'VARIOS', 'MUJER'),
('7453089518561', 'SANDALIAS', 'Impuesto', 18900.00, 51, 1, 'VARIAS', 'UN', 'SALDO', 'SANDALIAS', 'MUJER'),
('7453089519407', 'MUJER', 'Impuesto', 6990.00, 52, 1, 'vario', 'UN', 'tenis', 'MUJER', 'MUJER'),
('7453089530389', 'TENI', 'Impuesto', 8990.00, 51, 1, 'LIP LOVER', 'UN', 'SALDO', 'TENI', 'MUJER'),
('7453090420242', 'MUÑECA', 'Impuesto', 5890.00, 51, 1, 'BLINDA', 'UN', 'SALDO', 'MUÑECA', 'MUJER'),
('7453090420365', 'MUJER', 'Impuesto', 5890.00, 54, 1, 'vario', 'UN', 'zapato', 'MUJER', 'MUJER'),
('7453090421843', 'TENI', 'Impuesto', 13990.00, 139, 1, 'SWIFER', 'UN', 'IMPORTADO', 'TENI MUJER', 'MUJER'),
('7453090421850', 'TENI', 'Impuesto', 13990.00, 116, 1, 'SWIFER', 'UN', 'IMPORTADO', 'TENI MUJER', 'MUJER'),
('7453090421867', 'TENI', 'Impuesto', 13990.00, 133, 1, 'SWIFER', 'UN', 'IMPORTADO', 'TENI MUJER', 'MUJER'),
('7453090426442', 'TACO', 'Impuesto', 19800.00, 56, 1, 'SWIFER', 'UN', 'IMPORTADO', 'TENI', 'HOMBRE'),
('7453090426459', 'TENI', 'Impuesto', 19800.00, 54, 1, 'SWIFER', 'UN', 'IMPORTADO', 'TENI', 'HOMBRE'),
('7453090426466', 'TACO', 'Impuesto', 19800.00, 59, 1, 'SWIFER', 'UN', 'IMPORTADO', 'TENI', 'HOMBRE'),
('7453090426473', 'TACO', 'Impuesto', 19800.00, 62, 1, 'SWIFER', 'UN', 'IMPORTADO', 'TENI', 'HOMBRE'),
('7453090426602', 'TACO', 'Impuesto', 19800.00, 57, 1, 'SWIFER', 'UN', 'IMPORTADO', 'TENI', 'HOMBRE'),
('7453090426626', 'TENI', 'Impuesto', 19800.00, 53, 1, 'SWIFER', 'UN', 'IMPORTADO', 'TENI', 'HOMBRE'),
('7453090426633', 'TACO', 'Impuesto', 19800.00, 64, 1, 'SWIFER', 'UN', 'IMPORTADO', 'TENI', 'HOMBRE'),
('7453090426787', 'TACO', 'Impuesto', 19800.00, 51, 1, 'SWIFER', 'UN', 'IMPORTADO', 'TENI', 'HOMBRE'),
('7453090426794', 'TACO', 'Impuesto', 19800.00, 54, 1, 'SWIFER', 'UN', 'IMPORTADO', 'TENI', 'HOMBRE'),
('7453090426893', 'TENI', 'Impuesto', 19800.00, 51, 1, 'SWIFER', 'UN', 'IMPORTADO', 'TENI HOMBRE', 'HOMBRE'),
('7453090426909', 'TENI', 'Impuesto', 19800.00, 52, 1, 'SWIFER', 'UN', 'IMPORTADO', 'TENI', 'HOMBRE'),
('7453090445641', 'MUJER', 'Impuesto', 17900.00, 53, 1, 'vario', 'UN', 'zapato', 'MUJER', 'MUJER'),
('7453095204724', 'TENI', 'Impuesto', 13990.00, 98, 1, 'SPICY', 'UN', 'IMPORTADO', 'TENI', 'HOMBRE'),
('7453095204755', 'TENI', 'Impuesto', 13990.00, 104, 1, 'SPICY', 'UN', 'IMPORTADO', 'TENI', 'HOMBRE'),
('7453095205844', 'TENI', 'Impuesto', 13990.00, 85, 1, 'SPICY', 'UN', 'IMPORTADO', 'TENI', 'HOMBRE'),
('7453095206995', 'TENI', 'Impuesto', 13990.00, 94, 1, 'SPICY', 'UN', 'IMPORTADO', 'TENI', 'HOMBRE'),
('7453095207329', 'TENI', 'Impuesto', 13990.00, 106, 1, 'SPICY', 'UN', 'IMPORTADO', 'TENI', 'HOMBRE'),
('7453096402518', 'TENI', 'Impuesto', 8990.00, 87, 1, '54', 'UN', 'IMPORTADO', 'TENI', 'HOMBRE'),
('7453096403621', 'TENI', 'Impuesto', 9890.00, 97, 1, '54', 'UN', 'IMPORTADO', 'TENI', 'HOMBRE'),
('7453096403638', 'Lona Juvenil', 'Impuesto', 8990.00, 55, 1, 'Fifty Four', 'UN', 'IMPORTADO', 'Tenis', 'HOMBRE'),
('7501428709269', 'QUIKSILVER', 'Impuesto', 9900.00, 55, 1, 'SANDALIA', 'UN', 'SALDO', 'HOMBRE', 'HOMBRE'),
('757969023198', 'TENI', 'Impuesto', 39500.00, 51, 1, 'VANS', 'UN', 'SALDO', 'TENI', 'MUJER'),
('7590', 'ZAPATO NIÑO', 'Impuesto', 7590.00, 52, 1, 'VARIOS', 'UN', 'VARIOS', 'VARIOS', 'NIÑO'),
('7613267994185', 'TENI', 'Impuesto', 36900.00, 55, 1, 'LEVIS', 'UN', 'TENI', 'TENI', 'MUJER'),
('7613325109421', 'TENI', 'Impuesto', 29900.00, 187, 1, 'LEVIS', 'UN', 'SALDO', 'TENI', 'HOMBRE'),
('7613325235229', 'TENI', 'Impuesto', 28590.00, 51, 1, 'LEVIS', 'UN', 'SALDO', 'TENI', 'HOMBRE'),
('7613325235380', 'TENI', 'Impuesto', 28590.00, 54, 1, 'LEVIS', 'UN', 'SALDO', 'TENI', 'HOMBRE'),
('7613325331129', 'BURRO', 'Impuesto', 52900.00, 50, 1, 'LEVIS', 'UN', 'BURRO', 'NEGRO', 'HOMBRE'),
('7704021464270', 'PLATAFORMA', 'Impuesto', 18500.00, 51, 1, 'REINDEER', 'UN', 'SALDO', 'PLATAFORMA', 'MUJER'),
('7704021494093', 'PLATAFORMA', 'Impuesto', 20200.00, 52, 1, 'REINDEER', 'UN', 'SALDO', 'CUÑA', 'MUJER'),
('7704021538780', 'PLATAFORMA', 'Impuesto', 26900.00, 52, 1, 'REINDEER', 'UN', 'SALDO', 'PLATAFORMA', 'MUJER'),
('784546', 'PLATAFORMA', 'Impuesto', 18500.00, 51, 1, 'DANA', 'UN', 'SALDO', 'PLATAFORMA', 'MUJER'),
('789', 'converse', 'Impuesto', 19500.00, 51, 1, 'converse', 'UN', 'SALDO', 'converse negra', 'HOMBRE'),
('7890061596740', 'SANDALIAS', 'Impuesto', 16500.00, 65, 1, 'VARIAS', 'UN', 'SALDO', 'SANDALIAS', 'MUJER'),
('7890162345452', 'TENI', 'Impuesto', 15900.00, 98, 1, 'COCOCOLA', 'UN', 'SALDO', 'TENI', 'MUJER'),
('7890170446226', 'SANDALIA', 'Impuesto', 16500.00, 51, 1, 'VIA SCARPA', 'UN', 'NACIONAL', 'SANDALIA', 'MUJER'),
('7890171100233', 'PLATAFORMA', 'Impuesto', 22990.00, 53, 1, 'VIA SCARPA', 'UN', 'SALDO', 'PLATAFORMA', 'MUJER'),
('7890171115336', 'PLATAFORMA', 'Impuesto', 22990.00, 52, 1, 'VIA SCARPA', 'UN', 'NACIONAL', 'PLATAFORMA', 'MUJER'),
('7890171141618', 'SANDALIAS', 'Impuesto', 22990.00, 52, 1, 'VARIAS', 'UN', 'SALDO', 'SANDALIAS', 'MUJER'),
('7890293985800', 'TACON', 'Impuesto', 21900.00, 52, 1, 'VIZZANO', 'UN', 'SALDO', 'TACON', 'MUJER'),
('7890460382913', 'SANDALIAS', 'Impuesto', 18590.00, 52, 1, 'VARIAS', 'UN', 'SALDO', 'SANDALIAS', 'MUJER'),
('7890468024891', 'TACON', 'Impuesto', 16900.00, 53, 1, 'VIZZANO', 'UN', 'SALDO', 'TACON', 'MUJER'),
('7890468138130', 'SANDALIA', 'Impuesto', 16900.00, 51, 1, 'ILLUVA', 'UN', 'NACIONAL', 'TACON', 'MUJER'),
('7890468512305', 'TACON', 'Impuesto', 17900.00, 51, 1, 'MOLECA', 'UN', 'SALDO', 'TENI', 'MUJER'),
('7890655089665', 'PLATAFORMA', 'Impuesto', 19900.00, 52, 1, 'BEIRA RIO', 'UN', 'SALDO', 'PLATAFORMA', 'MUJER'),
('7890780441529', 'CUÑA', 'Impuesto', 18900.00, 57, 1, 'FLEXY', 'UN', 'SALDO', 'CUÑA', 'MUJER'),
('7890905051374', 'SANDALIAS', 'Impuesto', 23500.00, 53, 1, 'VARIAS', 'UN', 'SALDO', 'SANDALIAS', 'MUJER'),
('7890905071006', 'TACON', 'Impuesto', 23500.00, 51, 1, 'VIZZANO', 'UN', 'SALDO', 'TACON', 'MUJER'),
('7890957081923', 'TACON', 'Impuesto', 16900.00, 52, 1, 'VIZZANO', 'UN', 'SALDO', 'TACON', 'MUJER'),
('7891002962495', 'LONA', 'Impuesto', 11990.00, 59, 1, 'MOLECA', 'UN', 'NACIONAL', 'LONA', 'MUJER'),
('7891002968527', 'MUÑECA', 'Impuesto', 9990.00, 54, 1, 'MOLECA', 'UN', 'NACIONAL', 'MUÑECA', 'MUJER'),
('789123', 'SANDALIAS', 'Impuesto', 9900.00, 51, 1, 'VARIAS', 'UN', 'SALDO', 'SANDALIAS', 'MUJER'),
('7893114821233', 'SANDALIA', 'Impuesto', 31500.00, 59, 1, 'AZALEIA', 'UN', 'SALDO', 'CUÑA', 'MUJER'),
('7893114898662', 'SANDALIA', 'Impuesto', 26900.00, 60, 1, 'AZALEIA', 'UN', 'SALDO', 'CUÑA', 'MUJER'),
('7894771317268', 'MUÑECA', 'Impuesto', 11600.00, 54, 1, 'FLEXY', 'UN', 'SALDO', 'MUÑECA', 'MUJER'),
('7895472147666', 'TACON', 'Impuesto', 18590.00, 51, 1, 'MOLECA', 'UN', 'SALDO', 'TENI', 'MUJER'),
('7895472826097', 'SANDALIAS', 'Impuesto', 12590.00, 51, 1, 'VARIAS', 'UN', 'SALDO', 'SANDALIAS', 'MUJER'),
('7898454', 'MUÑECA', 'Impuesto', 6800.00, 54, 1, 'PASARELA', 'UN', 'SALDO', 'MUÑECA', 'MUJER'),
('7899697064890', 'PLATAFORMA', 'Impuesto', 19900.00, 51, 1, 'ZATZ', 'UN', 'SALDO', 'PLATAFORMA', 'MUJER'),
('7899709592960', 'NIÑA', 'Impuesto', 11500.00, 60, 1, 'VB KIDS', 'UN', 'SALDO', 'NIÑA', 'NIÑA'),
('7899755026297', 'TENI', 'Impuesto', 39950.00, 51, 1, 'MORMAI', 'UN', 'SALDO', 'TENI', 'HOMBRE'),
('7900', 'ZAPATO NIÑO', 'Impuesto', 7900.00, 106, 1, 'VARIOS', 'UN', 'VARIOS', 'VARIOS', 'NIÑO'),
('7900111', 'niño', 'Impuesto', 7900.00, 81, 1, 'NIÑO', 'UN', 'SALDO', 'NIÑO', 'HOMBRE'),
('790926646456', 'Zapatos', 'Impuesto', 21590.00, 51, 1, 'vario', 'UN', 'zapato', 'vario', 'UNISEX'),
('7909302432850', 'SANDALIAS', 'Impuesto', 18990.00, 51, 1, 'VARIAS', 'UN', 'SALDO', 'SANDALIAS', 'MUJER'),
('7909302482978', 'TACON', 'Impuesto', 17900.00, 51, 1, 'RENATA', 'UN', 'SALDO', 'PLATAFORMA', 'MUJER'),
('7909302519513', 'PLATAFORMA', 'Impuesto', 18590.00, 51, 1, 'RENATA', 'UN', 'SALDO', 'PLATAFORMA', 'MUJER'),
('7909302521356', 'PLATAFORMA', 'Impuesto', 18900.00, 52, 1, 'RENATA', 'UN', 'SALDO', 'PLATAFORMA', 'MUJER'),
('7909302743147', 'PLATAFORMA', 'Impuesto', 17690.00, 52, 1, 'RENATA', 'UN', 'SALDO', 'PLATAFORMA', 'MUJER'),
('7909302850999', 'PLATAFORMA', 'Impuesto', 19290.00, 52, 1, 'RENATA', 'UN', 'SALDO', 'PLATAFORMA', 'MUJER'),
('7909337190039', 'SANDALIAS', 'Impuesto', 18900.00, 52, 1, 'VARIAS', 'UN', 'SALDO', 'SANDALIAS', 'MUJER'),
('7909337213523', 'TACON', 'Impuesto', 19590.00, 59, 1, 'FLEXY', 'UN', 'SALDO', 'TACON', 'MUJER'),
('7909337267625', 'TACON', 'Impuesto', 17900.00, 72, 1, 'TACON', 'UN', 'SALDO', 'TACON', 'MUJER'),
('7909337357944', 'SANDALIAS', 'Impuesto', 12590.00, 61, 1, 'VARIAS', 'UN', 'SALDO', 'SANDALIAS', 'MUJER'),
('7909337469821', 'MUJER', 'Impuesto', 18590.00, 56, 1, 'BELLE MARIE', 'UN', 'SALDO', 'SANDALIA', 'MUJER'),
('7909337471367', 'PLATAFORMA', 'Impuesto', 16990.00, 51, 1, 'VIZZANO', 'UN', 'SALDO', 'PLATAFORMA', 'MUJER'),
('7909337484770', 'TENI', 'Impuesto', 21490.00, 56, 1, 'VIZZANO', 'UN', 'SALDO', 'MUÑECA', 'MUJER'),
('7909337490399', 'SANDALIAS', 'Impuesto', 18990.00, 51, 1, 'VARIAS', 'UN', 'SALDO', 'SANDALIAS', 'MUJER'),
('7909337520867', 'TACON', 'Impuesto', 16900.00, 54, 1, 'BEIRA RIO', 'UN', 'SALDO', 'CUÑA', 'MUJER'),
('7909337556446', 'SANDALIA', 'Impuesto', 9990.00, 53, 1, 'MOLEKINHA', 'UN', 'SALDO', 'BAJA', 'MUJER'),
('7909337931991', 'MUÑECA', 'Impuesto', 12990.00, 81, 1, 'VIZZANO', 'UN', 'SALDO', 'MUÑECA', 'MUJER'),
('7909338012682', 'MUÑECA', 'Impuesto', 16590.00, 126, 1, 'VIZZANO', 'UN', 'SALDO', 'MUÑECA', 'MUJER'),
('7909338012705', 'MUÑECA', 'Impuesto', 16590.00, 51, 1, 'VIZZANO', 'UN', 'SALDO', 'MUÑECA', 'MUJER'),
('7909338386738', 'SANDALIAS', 'Impuesto', 12990.00, 52, 1, 'VARIAS', 'UN', 'SALDO', 'SANDALIAS', 'MUJER'),
('79093384336143', 'TACON', 'Impuesto', 12990.00, 53, 1, '(en blanco)', 'UN', 'TACON', '(en blanco)', 'UN'),
('7909338719659', 'MUÑECA', 'Impuesto', 16900.00, 56, 1, 'BEIRA RIO', 'UN', 'NACIONAL', 'MUÑECA', 'MUJER'),
('7909338855104', 'PLATAFORMA', 'Impuesto', 17990.00, 51, 1, 'BEIRA RIO', 'UN', 'SALDO', 'PLATAFORMA', 'MUJER'),
('7909339168487', 'PLATAFORMA', 'Impuesto', 24990.00, 54, 1, 'VIZZANO', 'UN', 'SALDO', 'PLTAFORMA', 'MUJER'),
('7909339168944', 'PLATAFORMA', 'Impuesto', 26590.00, 51, 1, 'VIZZANO', 'UN', 'SALDO', 'PLATAFORMA', 'MUJER'),
('7909339190884', 'TACON', 'Impuesto', 18590.00, 51, 1, 'BEIRA RIO', 'UN', 'SALDO', 'TACON', 'MUJER'),
('7909339190921', 'TACON', 'Impuesto', 18590.00, 53, 1, 'BEIRA RIO', 'UN', 'SALDO', 'TACON', 'MUJER'),
('7909362104919', 'SANDALIA', 'Impuesto', 18900.00, 91, 1, 'RAFFAELE', 'UN', 'SALDO', 'PLATAFORMA', 'MUJER'),
('7909362105947', 'TACON', 'Impuesto', 18900.00, 51, 1, 'VARIOS', 'UN', 'SALDO', 'VARIOS', 'MUJER'),
('7909362609742', 'PLATAFORMA', 'Impuesto', 20590.00, 51, 1, 'RENATA', 'UN', 'SALDO', 'PLATAFORMA', 'MUJER'),
('7909362766803', 'PLATAFORMA', 'Impuesto', 21990.00, 51, 1, 'RENATA', 'UN', 'SALDO', 'PLATAFORMA', 'MUJER'),
('7909395918248', 'SANDALIAS', 'Impuesto', 26990.00, 53, 1, 'VARIAS', 'UN', 'SALDO', 'SANDALIAS', 'MUJER'),
('7909411454569', 'SANDALIAS', 'Impuesto', 22590.00, 54, 1, 'VARIAS', 'UN', 'SALDO', 'SANDALIAS', 'MUJER'),
('7909418031336', 'MUJER', 'Impuesto', 25990.00, 51, 1, 'vario', 'UN', 'zapato', 'MUJER', 'MUJER'),
('7909418519773', 'MUÑECA', 'Impuesto', 21900.00, 52, 1, 'VIZZANO', 'UN', 'SALDO', 'MUÑECA', 'MUJER'),
('7909418626617', 'TACON', 'Impuesto', 21990.00, 51, 1, 'VARIAS', 'UN', 'SALDO', 'TACON', 'MUJER'),
('7909418694937', 'MUJER', 'Impuesto', 14990.00, 57, 1, 'vario', 'UN', 'zapato', 'MUJER', 'MUJER'),
('7909440196416', 'MUJER', 'Impuesto', 16990.00, 52, 1, 'vario', 'UN', 'zapato', 'MUJER', 'MUJER'),
('7909440320002', 'MUJER', 'Impuesto', 23990.00, 52, 1, 'VARIOS', 'UN', 'SALDO', 'MUJER', 'MUJER'),
('7909440651397', 'MUJER', 'Impuesto', 18990.00, 53, 1, 'vario', 'UN', 'zapato', 'MUJER', 'MUJER'),
('7909440807213', 'TACON', 'Impuesto', 24990.00, 51, 1, 'BEIRA RIO', 'UN', 'SALDO', 'TACON', 'HOMBRE'),
('79096459496', 'Zapatos', 'Impuesto', 17590.00, 51, 1, 'vario', 'UN', 'zapato', 'vario', 'UNISEX'),
('7990', 'SANDALIAS', 'Impuesto', 7990.00, 51, 1, '(en blanco)', 'UN', 'SANDALIAS', '(en blanco)', 'UN'),
('8 990', 'niño', 'Impuesto', 8990.00, 88, 1, 'BB CRECE', 'UN', 'NIÑO', 'TENNI', 'SALDO'),
('8008', 'TACON', 'Impuesto', 19500.00, 51, 1, 'BELLE MARIE', 'UN', 'SALDO', 'SANDALIA', 'MUJER'),
('808182', 'SANDALIAS', 'Impuesto', 20990.00, 52, 1, 'VARIAS', 'UN', 'SALDO', 'SANDALIAS', 'MUJER'),
('819003', 'PLATAFORMA', 'Impuesto', 28990.00, 58, 1, 'DORAMAR', 'UN', 'SALDO', 'PLTAFORMA', 'MUJER'),
('826218937163', 'TENI', 'Impuesto', 49500.00, 51, 1, 'NIKE', 'UN', 'SALDO', 'TENI', 'HOMBRE'),
('826220054506', 'NIKE', 'IMPUESTO', 49830.00, 156, 1, 'NIKE', 'UN', 'SALDO0', 'TENNY', 'UNISEX'),
('8300', 'niño', 'Impuesto', 8300.00, 79, 1, 'NIÑO', 'UN', 'SALDO', 'ZAPATO', 'NIÑO'),
('8434401340755', 'MUJER', 'Impuesto', 28990.00, 51, 1, 'VARIOS', 'UN', 'SALDO', 'MUJER', 'MUJER'),
('8434401340779', 'SANDALIAS', 'Impuesto', 28990.00, 51, 1, 'VARIAS', 'UN', 'SALDO', 'SANDALIAS', 'MUJER'),
('8434401444330', 'CUÑAS', 'Impuesto', 22590.00, 52, 1, 'REFRESH', 'UN', 'SALDO', 'CUÑA', 'MUJER'),
('849852027212', 'TENI', 'Impuesto', 16900.00, 51, 1, 'LA GEAR', 'UN', 'SALDO', 'TENI', 'HOMBRE'),
('849852039772', 'TENI', 'Impuesto', 9890.00, 51, 1, 'TENI', 'UN', 'SALDO', 'TENI', 'MUJER'),
('8521', 'BOTA', 'Impuesto', 24500.00, 58, 1, 'AMULET', 'UN', 'SALDO', 'BOTA', 'MUJER'),
('8700', 'ZAPATO NIÑO', 'Impuesto', 8700.00, 52, 1, 'VARIOS', 'UN', 'VARIOS', 'VARIOS', 'NIÑO'),
('882890', 'TENI', 'Impuesto', 28900.00, 51, 1, 'DC', 'UN', 'SALDO', 'MUJER', 'MUJER'),
('8828900', 'TENNI', 'Impuesto', 28900.00, 51, 1, 'DC', 'UN', 'SALDO', 'DC', 'Tenni'),
('8831500', 'TENI', 'Impuesto', 31500.00, 54, 1, 'DC', 'UN', 'SALDO', 'MUJER', 'MUJER'),
('88327417783', 'TENI', 'Impuesto', 33900.00, 51, 1, 'DC', 'UN', 'SALDO', 'TENI', 'HOMBRE'),
('8834500', 'TENNI', 'Impuesto', 34500.00, 51, 1, 'DC', 'UN', 'SALDO', 'DC', 'Tenni'),
('8834590', 'TENI', 'Impuesto', 34590.00, 51, 1, 'DC', 'UN', 'SALDO', 'TENI DC', 'HOMBRE'),
('8835990', 'TENI', 'Impuesto', 35990.00, 51, 1, 'DC', 'UN', 'SALDO', 'TENI DC', 'HOMBRE'),
('884498432426', 'TENI', 'Impuesto', 49500.00, 51, 1, 'NIKE', 'UN', 'SALDO', 'TENI', 'HOMBRE'),
('884805360282', 'TENI', 'Impuesto', 37900.00, 51, 1, 'VANS', 'UN', 'SALDO', 'TENI', 'HOMBRE'),
('886059299899', 'TENI', 'Impuesto', 32990.00, 51, 1, 'NIKE', 'UN', 'SALDO', 'TENI', 'HOMBRE'),
('886434796050', 'TENI', 'Impuesto', 39500.00, 51, 1, 'DC', 'UN', 'TENI', 'TENI', 'MUJER'),
('886744742532', 'TENI', 'Impuesto', 32900.00, 51, 1, 'ES', 'UN', 'SALDO', 'TENI', 'HOMBRE'),
('886744999592', 'EMERICA', 'IMPUESTO', 34830.00, 252, 1, 'EMERICA', 'UN', 'SALDO', 'SALDO', 'HOMBRE'),
('886890128112', 'BURRO', 'Impuesto', 36900.00, 85, 1, 'PALADIUM', 'UN', 'SALDO', 'BURRO', 'HOMBRE'),
('886952782207', 'TENI', 'Impuesto', 38500.00, 51, 1, 'TENI', 'UN', 'SALDO', 'TENI', 'HOMBRE'),
('886954508508', 'TENI', 'Impuesto', 41500.00, 51, 1, 'CONVERCE', 'UN', 'SALDO', 'TENI', 'HOMBRE'),
('887228893030', 'TENI', 'Impuesto', 39500.00, 51, 1, 'NIKE', 'UN', 'SALDO', 'TACO', 'HOMBRE'),
('888327189062', 'TENI', 'Impuesto', 31500.00, 63, 1, 'DC', 'UN', 'TENI', 'TENI', 'MUJER'),
('888327201740', 'TENI', 'Impuesto', 32500.00, 51, 1, 'DC', 'UN', 'SALDO', 'TENI', 'HOMBRE'),
('888327408811', 'TENI', 'Impuesto', 32500.00, 51, 1, 'DC', 'UN', 'SALDO', 'TENI', 'HOMBRE'),
('888327786766', 'TENI', 'Impuesto', 34590.00, 51, 1, 'DC', 'UN', 'SALDO', 'TENI', 'HOMBRE'),
('888376127190', 'UNDER', 'IMPUESTO', 61500.00, 52, 1, 'UNDER', 'UN', 'SALDO0', 'TENNY', 'UNISEX'),
('888409583856', 'TENI', 'Impuesto', 43900.00, 51, 1, 'NIKE', 'UN', 'SALDO', 'TENI', 'UNISEX'),
('888410024300', 'TENI', 'Impuesto', 29900.00, 52, 1, 'NIKE', 'UN', 'SALDO', 'TENI', 'HOMBRE'),
('88854625358', 'ASICS', 'IMPUESTO', 50990.00, 75, 1, 'ASICS', 'UN', 'SALDO0', 'TENNY', 'UNISEX'),
('888546754041', 'NEW BALANCE', 'IMPUESTO', 49830.00, 64, 1, 'NEW', 'UN', 'SALDO0', 'TENNY', 'UNISEX'),
('888612113901', 'TENI', 'Impuesto', 24800.00, 53, 1, 'supra', 'UN', 'SALDO', 'TENI', 'UNISEX'),
('888701845287', 'TENI', 'Impuesto', 56900.00, 51, 1, 'QUIK', 'UN', 'SALDO', 'TENI', 'HOMBRE'),
('888732237181', 'BURRO', 'Impuesto', 69500.00, 51, 1, 'TIMBRLAND', 'UN', 'SALDO', 'HOMBRE', 'BURRO'),
('888753228922', 'Tenis', 'Impuesto', 44500.00, 51, 1, 'converse', 'UN', 'SALDO', 'Tenis', 'HOMBRE'),
('8890111', 'niño', 'Impuesto', 8890.00, 53, 1, 'VARIOS', 'UN', 'SALDO', 'NIÑOS', 'NIÑOS'),
('889262295740', 'VARIOS', 'Impuesto', 25500.00, 51, 1, 'VARIOS', 'UN', 'SALDO', 'VARIOS', 'HOMBRE'),
('889262367706', 'VARIOS', 'Impuesto', 39900.00, 52, 1, 'VARIOS', 'UN', 'SALDO', 'VARIOS', 'HOMBRE'),
('8900', 'ZAPATO NIÑO', 'Impuesto', 8900.00, 70, 1, 'VARIOS', 'UN', 'VARIOS', 'VARIOS', 'NIÑO'),
('8900111', 'niño', 'Impuesto', 8900.00, 53, 1, 'VARIOS', 'UN', 'SALDO', 'NIÑOS', 'NIÑOS'),
('89451', 'BOTA', 'Impuesto', 16900.00, 51, 1, 'ANABELLE', 'UN', 'SALDO', 'PLATAFORMA', 'MUJER'),
('8950', 'niño', 'Impuesto', 8950.00, 51, 1, 'BB CRECE', 'UN', 'NIÑO', 'TENNI', 'SALDO'),
('8950111', 'niño', 'Impuesto', 8950.00, 263, 1, 'BB CRECE', 'UN', 'SALDO', 'BB CRESE', 'MUJER'),
('8990', 'niño', 'Impuesto', 8990.00, 51, 1, 'BLINK', 'UN', 'SALDO', 'BB CRESE', 'MUJER'),
('8990111', 'niño', 'Impuesto', 8990.00, 59, 1, 'VARIOS', 'UN', 'SALDO', 'NIÑOS', 'NIÑOS'),
('909897', 'SANDALIAS', 'Impuesto', 16900.00, 51, 1, 'VARIAS', 'UN', 'SALDO', 'SANDALIAS', 'MUJER'),
('910201525', 'ZAPATO', 'Impuesto', 9200.00, 96, 1, 'VARIOS', 'UN', 'SALDO', 'NIÑOS', 'NIÑOS'),
('910201528', 'NIÑA', 'Impuesto', 9300.00, 53, 1, 'VALERIE', 'UN', 'SALDO', 'MUÑECA', 'NIÑA'),
('91020154', 'SANDALIA', 'Impuesto', 7490.00, 82, 1, 'tutis', 'UN', 'SALDO', 'NIÑA', 'MUJER'),
('910201567', 'ZAPATO', 'Impuesto', 32500.00, 56, 1, 'VARIOS', 'UN', 'SALDO', 'NIÑOS', 'NIÑOS'),
('910201608', 'ZAPATO', 'Impuesto', 9900.00, 165, 1, 'VARIOS', 'UN', 'SALDO', 'NIÑOS', 'NIÑOS'),
('91202024697', 'TENI', 'Impuesto', 39900.00, 51, 1, 'NIKE', 'UN', 'SALDO', 'TENI', 'HOMBRE'),
('91209617434', 'TENI', 'Impuesto', 46900.00, 51, 1, 'NIKE', 'UN', 'SALDO', 'TENNI', 'HOMBRE'),
('912742', 'SANDALIA', 'Impuesto', 19900.00, 53, 1, 'DELBARCO', 'UN', 'SALDO', 'CUÑA', 'MUJER'),
('9200', 'ZAPATO NIÑO', 'Impuesto', 9200.00, 51, 1, 'VARIOS', 'UN', 'VARIOS', 'VARIOS', 'NIÑO'),
('9427', 'CUÑA', 'Impuesto', 19900.00, 52, 1, 'DEL BARCO', 'UN', 'SALDO', 'CUÑA', 'MUJER'),
('9450005536522', 'BURRO', 'Impuesto', 58500.00, 51, 1, 'SWISS', 'UN', 'SALDO', 'BURRO', 'HOMBRE'),
('9450005536539', 'BURRO', 'Impuesto', 62900.00, 56, 1, 'SWISS', 'UN', 'SALDO', 'TENI', 'HOMBRE'),
('9450010477810', 'niño', 'Impuesto', 14900.00, 63, 1, 'JAGUAR', 'UN', 'SALDO', 'TENI', 'NIÑOS'),
('9452', 'TENI', 'Impuesto', 33900.00, 51, 1, 'supra', 'UN', 'SALDO', 'TENI', 'HOMBRE'),
('9500', 'ZAPATO NIÑO', 'Impuesto', 9500.00, 144, 1, 'VARIOS', 'UN', 'VARIOS', 'VARIOS', 'NIÑO'),
('9500111', 'niño', 'Impuesto', 9500.00, 51, 1, 'BLINK', 'UN', 'SALDO', 'BLINK', 'MUJER'),
('9590', 'niño', 'Impuesto', 9590.00, 75, 1, 'BB CRECE', 'UN', 'NIÑO', 'TENNI', 'SALDO'),
('9590111', 'niño', 'Impuesto', 9590.00, 51, 1, 'VARIOS', 'UN', 'SALDO', 'NIÑOS', 'NIÑOS'),
('987654', 'CUÑA', 'Impuesto', 12900.00, 51, 1, 'ESTILOSA', 'UN', 'SALDO', 'SANDALIA', 'MUJER'),
('9900', 'ZAPATO NIÑO', 'Impuesto', 9900.00, 63, 1, 'VARIOS', 'UN', 'VARIOS', 'VARIOS', 'NIÑO'),
('9900111', 'niño', 'Impuesto', 9900.00, 58, 1, 'VARIOS', 'UN', 'SALDO', 'NIÑOS', 'NIÑOS'),
('9912810', 'SANDALIAS', 'Impuesto', 18950.00, 50, 1, 'VARIAS', 'UN', 'SALDO', 'SANDALIAS', 'MUJER'),
('9950', 'niño', 'Impuesto', 9950.00, 58, 1, 'BB CRECE', 'UN', 'NIÑO', 'TENNI', 'SALDO'),
('9950111', 'niño', 'Impuesto', 9950.00, 121, 1, 'BB CRECE', 'UN', 'SALDO', 'NIÑO', 'SALDO'),
('9990', 'niño', 'Impuesto', 9990.00, 57, 1, 'BB CRECE', 'UN', 'NIÑO', 'TENNI', 'SALDO'),
('9990111', 'NIÑA', 'Impuesto', 9990.00, 51, 1, 'NIÑO', 'UN', 'SALDO', 'NIÑO', 'NIÑO'),
('b23', 'BURRO', 'Impuesto', 36500.00, 51, 1, 'BIMONT', 'UN', 'SALDO', 'BURRO', 'HOMBRE'),
('CODIGO', 'DESCRIPCION', 'Impuesto', 0.00, 50, 0, 'MARCA', 'TALLA', 'FAMILIA', 'ESTILO', 'GENERO'),
('FISHER 18990', 'ZAPATO', 'Impuesto', 18990.00, 53, 1, 'VARIOS', 'UN', 'SALDO', 'NIÑOS', 'NIÑOS'),
('m33', 'TENI', 'Impuesto', 24900.00, 53, 1, 'OP', 'UN', 'SALDO', 'TENI', 'MUJER'),
('s01', 'TENI', 'Impuesto', 11900.00, 51, 1, 'WALK', 'UN', 'SALDO', 'TENI', 'MUJER'),
('SU01', 'NIÑA', 'Impuesto', 10490.00, 51, 1, 'SUSY', 'UN', 'SALDO', 'MUÑECA', 'NIÑA'),
('WJ10520B', 'TENI', 'Impuesto', 14900.00, 51, 1, 'JAGUAR', 'UN', 'SALDO', 'TENI', 'NIÑO'),
('WJ105211', 'niño', 'Impuesto', 12900.00, 62, 1, 'JAGUAR', 'UN', 'SALDO', 'TENI', 'NIÑOS'),
('YZ018', 'TENI', 'Impuesto', 23900.00, 65, 1, 'UNDER', 'UN', 'TENI', 'TENI', 'HOMBRE'),
('Z24', 'SANDALIA', 'Impuesto', 14590.00, 51, 1, 'SANDALIA', 'UN', 'SALDO', 'SANDALIA', 'BAJO');

-- --------------------------------------------------------

--
-- Estructura de tabla para la tabla `metodo`
--

CREATE TABLE `metodo` (
  `Metodo` varchar(10) NOT NULL
) ENGINE=InnoDB DEFAULT CHARSET=latin1;

--
-- Volcado de datos para la tabla `metodo`
--

INSERT INTO `metodo` (`Metodo`) VALUES
('P');

-- --------------------------------------------------------

--
-- Estructura de tabla para la tabla `notascredito`
--

CREATE TABLE `notascredito` (
  `Id` int(111) NOT NULL,
  `Cliente` bigint(100) NOT NULL,
  `Monto` double(20,8) NOT NULL,
  `Detalle` varchar(250) NOT NULL,
  `Descuento` double(20,8) NOT NULL
) ENGINE=InnoDB DEFAULT CHARSET=latin1;

-- --------------------------------------------------------

--
-- Estructura de tabla para la tabla `registro`
--

CREATE TABLE `registro` (
  `Codigo` int(111) NOT NULL,
  `Nombre` varchar(200) NOT NULL,
  `Contrasena` varchar(200) NOT NULL,
  `Admin` int(11) NOT NULL
) ENGINE=InnoDB DEFAULT CHARSET=latin1;

--
-- Volcado de datos para la tabla `registro`
--

INSERT INTO `registro` (`Codigo`, `Nombre`, `Contrasena`, `Admin`) VALUES
(2, 'Administrador', 'MQAyADMA', 1),
(4, 'admin', 'MQAyADMA', 1),
(5, 'FANNY VINDAS', 'RgBBAE4ATgBZAFYAMQAyAA==', 0),
(6, 'nena', 'bgBlAG4AYQA=', 1);

-- --------------------------------------------------------

--
-- Estructura de tabla para la tabla `saldos`
--

CREATE TABLE `saldos` (
  `NumFactura` int(111) NOT NULL,
  `CodigoCliente` varchar(200) NOT NULL,
  `Saldo` double(10,2) NOT NULL,
  `Inicial` double(10,2) DEFAULT NULL,
  `CodigoCajero` varchar(30) NOT NULL,
  `Fecha` datetime NOT NULL,
  `NumerodeComprobante` varchar(200) NOT NULL,
  `CodigoVendedor` int(111) NOT NULL
) ENGINE=InnoDB DEFAULT CHARSET=utf8;

--
-- Volcado de datos para la tabla `saldos`
--

INSERT INTO `saldos` (`NumFactura`, `CodigoCliente`, `Saldo`, `Inicial`, `CodigoCajero`, `Fecha`, `NumerodeComprobante`, `CodigoVendedor`) VALUES
(1430, '0', 2800.00, 2800.00, '4', '2018-12-20 16:15:24', '13241', 1),
(5410, '106160193', 5745.00, 7845.00, '4', '2018-12-05 13:16:37', '0', 1),
(5411, '105491000', 287.50, 287.50, '4', '2018-12-05 13:25:46', '0', 1),
(5421, '0', 287.50, 287.50, '4', '2018-12-11 09:40:27', '0', 1),
(5426, '105491000', 71400.00, 71400.00, '4', '2018-12-20 15:50:04', '0', 1),
(5427, '106290135', 6945.00, 6945.00, '4', '2018-12-20 15:50:52', '1234', 1),
(5428, '106160193', 50900.00, 50900.00, '4', '2018-12-20 15:52:27', '2444', 1),
(5429, '105491000', 4245.00, 5245.00, '4', '2018-12-20 15:55:07', '4324', 1),
(2147483647, 'TENI', 0.00, 24830.00, '77', '0000-00-00 00:00:00', 'UMBRO', 0);

-- --------------------------------------------------------

--
-- Estructura de tabla para la tabla `sales`
--

CREATE TABLE `sales` (
  `Numero` int(111) NOT NULL,
  `Fecha` datetime NOT NULL,
  `Cliente` bigint(100) NOT NULL,
  `Total` decimal(20,8) NOT NULL,
  `CodigoCajero` int(111) NOT NULL,
  `TipoPago` varchar(40) NOT NULL,
  `NumerodeComprobante` varchar(50) NOT NULL,
  `CodigoVendedor` int(111) NOT NULL
) ENGINE=InnoDB DEFAULT CHARSET=latin1;

--
-- Volcado de datos para la tabla `sales`
--

INSERT INTO `sales` (`Numero`, `Fecha`, `Cliente`, `Total`, `CodigoCajero`, `TipoPago`, `NumerodeComprobante`, `CodigoVendedor`) VALUES
(141, '2018-12-05 13:13:51', 0, '64757.50000000', 4, 'Efectivo', '0', 1),
(542, '2018-12-07 09:43:49', 0, '55395.00000000', 4, 'Efectivo', '0', 1),
(543, '2018-12-10 15:48:09', 0, '287.50000000', 4, 'Efectivo', '0', 1),
(544, '2018-12-10 15:48:55', 0, '7145.00000000', 4, 'Efectivo', '0', 1),
(545, '2018-12-10 15:49:11', 0, '7660.00000000', 4, 'Efectivo', '0', 1),
(546, '2018-12-10 22:38:24', 0, '750.00000000', 4, 'Efectivo', '0', 1),
(547, '2018-12-10 22:41:14', 0, '287.50000000', 4, 'Efectivo', '0', 1),
(548, '2018-12-10 22:46:14', 0, '575.00000000', 4, 'Efectivo', '0', 1),
(549, '2018-12-10 22:48:29', 0, '287.50000000', 4, 'Efectivo', '0', 1),
(1415, '2018-12-20 15:05:22', 0, '2825.00000000', 4, 'Efectivo', '0', 1),
(1416, '2018-12-20 16:14:29', 0, '50900.00000000', 4, 'Efectivo', '0', 1),
(5410, '2018-12-10 22:53:18', 0, '575.00000000', 4, 'Efectivo', '0', 1),
(5411, '2018-12-10 23:31:23', 0, '287.50000000', 4, 'Efectivo', '0', 1),
(5412, '2018-12-11 00:02:30', 0, '50437.50000000', 4, 'Efectivo', '0', 1),
(5413, '2018-12-11 09:32:43', 0, '287.50000000', 4, 'Efectivo', '0', 1),
(5414, '2018-12-11 09:39:59', 0, '287.50000000', 4, 'Efectivo', '0', 1),
(5415, '2019-04-15 09:36:24', 0, '28900.00000000', 4, 'Efectivo', '0', 1),
(5416, '2019-04-15 09:49:28', 0, '28900.00000000', 4, 'Efectivo', '0', 1),
(5417, '2019-04-15 09:50:26', 0, '800.00000000', 4, 'Efectivo', '0', 1),
(5418, '2019-04-15 10:02:43', 0, '28900.00000000', 4, 'Efectivo', '0', 1);

-- --------------------------------------------------------

--
-- Estructura de tabla para la tabla `vendedores`
--

CREATE TABLE `vendedores` (
  `Codigo` int(111) NOT NULL,
  `Nombre` varchar(200) NOT NULL,
  `Telefono` varchar(200) NOT NULL,
  `Correo` varchar(200) NOT NULL,
  `Direccion` varchar(250) NOT NULL
) ENGINE=InnoDB DEFAULT CHARSET=latin1;

--
-- Volcado de datos para la tabla `vendedores`
--

INSERT INTO `vendedores` (`Codigo`, `Nombre`, `Telefono`, `Correo`, `Direccion`) VALUES
(1, 'FANNY VINDAS', '86218716', 'CORREO@CORREO.COM', 'san jose'),
(2, 'EMILIA RIVERA', '27718858', 'EJEMPLO@GMIAL.COM', '´PZ'),
(3, 'ANDREA MORA', '27718858', 'EJEMPLO@GMIAL.COM', 'PZ'),
(4, 'KAROL VARGAS', '27718858', 'EJEMPLO@GMAIL.COM', 'PZ'),
(5, 'ZENIA', '27718858', 'EJMPLO@GMAIL.COM', 'PZ'),
(6, 'ALEJANDRA SANCHEZ', '27718858', 'CORREO@CORREO.COM', 'PZ'),
(7, 'PRACTICANTE', '27718858', 'CORREO@CORREO.COM', 'PZ');

--
-- Índices para tablas volcadas
--

--
-- Indices de la tabla `abonos`
--
ALTER TABLE `abonos`
  ADD PRIMARY KEY (`Codigo`);

--
-- Indices de la tabla `cancelados`
--
ALTER TABLE `cancelados`
  ADD PRIMARY KEY (`NumFactura`,`CodigoCliente`);

--
-- Indices de la tabla `cierre`
--
ALTER TABLE `cierre`
  ADD PRIMARY KEY (`Numero`);

--
-- Indices de la tabla `clientes`
--
ALTER TABLE `clientes`
  ADD PRIMARY KEY (`Cedula`);

--
-- Indices de la tabla `descuento`
--
ALTER TABLE `descuento`
  ADD PRIMARY KEY (`Montoad`);

--
-- Indices de la tabla `detalles`
--
ALTER TABLE `detalles`
  ADD PRIMARY KEY (`Id`),
  ADD KEY `it` (`Item`),
  ADD KEY `cli` (`Cliente`),
  ADD KEY `fac` (`NumeroFactura`);

--
-- Indices de la tabla `detallessales`
--
ALTER TABLE `detallessales`
  ADD PRIMARY KEY (`Id`),
  ADD KEY `detalles_ibfk_1` (`Item`),
  ADD KEY `detalles_ibfk_2` (`Cliente`),
  ADD KEY `detalles_ibfk_3` (`NumeroFactura`);

--
-- Indices de la tabla `factura`
--
ALTER TABLE `factura`
  ADD PRIMARY KEY (`Numero`),
  ADD KEY `ce` (`Cliente`) USING BTREE,
  ADD KEY `a` (`CodigoCajero`) USING BTREE,
  ADD KEY `cvv` (`CodigoVendedor`) USING BTREE;

--
-- Indices de la tabla `items`
--
ALTER TABLE `items`
  ADD PRIMARY KEY (`Barcode`);

--
-- Indices de la tabla `notascredito`
--
ALTER TABLE `notascredito`
  ADD PRIMARY KEY (`Id`);

--
-- Indices de la tabla `registro`
--
ALTER TABLE `registro`
  ADD PRIMARY KEY (`Codigo`);

--
-- Indices de la tabla `saldos`
--
ALTER TABLE `saldos`
  ADD PRIMARY KEY (`NumFactura`,`CodigoCliente`);

--
-- Indices de la tabla `sales`
--
ALTER TABLE `sales`
  ADD PRIMARY KEY (`Numero`),
  ADD KEY `c` (`Cliente`),
  ADD KEY `cca` (`CodigoCajero`),
  ADD KEY `cv` (`CodigoVendedor`);

--
-- Indices de la tabla `vendedores`
--
ALTER TABLE `vendedores`
  ADD PRIMARY KEY (`Codigo`);

--
-- AUTO_INCREMENT de las tablas volcadas
--

--
-- AUTO_INCREMENT de la tabla `abonos`
--
ALTER TABLE `abonos`
  MODIFY `Codigo` int(111) NOT NULL AUTO_INCREMENT, AUTO_INCREMENT=4;

--
-- AUTO_INCREMENT de la tabla `cierre`
--
ALTER TABLE `cierre`
  MODIFY `Numero` int(110) NOT NULL AUTO_INCREMENT, AUTO_INCREMENT=6;

--
-- AUTO_INCREMENT de la tabla `detalles`
--
ALTER TABLE `detalles`
  MODIFY `Id` int(111) NOT NULL AUTO_INCREMENT, AUTO_INCREMENT=2157;

--
-- AUTO_INCREMENT de la tabla `detallessales`
--
ALTER TABLE `detallessales`
  MODIFY `Id` int(111) NOT NULL AUTO_INCREMENT, AUTO_INCREMENT=48;

--
-- AUTO_INCREMENT de la tabla `notascredito`
--
ALTER TABLE `notascredito`
  MODIFY `Id` int(111) NOT NULL AUTO_INCREMENT;

--
-- AUTO_INCREMENT de la tabla `registro`
--
ALTER TABLE `registro`
  MODIFY `Codigo` int(111) NOT NULL AUTO_INCREMENT, AUTO_INCREMENT=7;

--
-- Restricciones para tablas volcadas
--

--
-- Filtros para la tabla `detalles`
--
ALTER TABLE `detalles`
  ADD CONSTRAINT `cli` FOREIGN KEY (`Cliente`) REFERENCES `clientes` (`Cedula`) ON DELETE CASCADE ON UPDATE CASCADE,
  ADD CONSTRAINT `fac` FOREIGN KEY (`NumeroFactura`) REFERENCES `factura` (`Numero`) ON DELETE CASCADE ON UPDATE CASCADE,
  ADD CONSTRAINT `it` FOREIGN KEY (`Item`) REFERENCES `items` (`Barcode`) ON DELETE CASCADE ON UPDATE CASCADE;

--
-- Filtros para la tabla `factura`
--
ALTER TABLE `factura`
  ADD CONSTRAINT `cajero_ibfk_2` FOREIGN KEY (`CodigoCajero`) REFERENCES `registro` (`Codigo`) ON DELETE CASCADE ON UPDATE CASCADE,
  ADD CONSTRAINT `factura_ibfk_1` FOREIGN KEY (`Cliente`) REFERENCES `clientes` (`Cedula`) ON DELETE CASCADE ON UPDATE CASCADE,
  ADD CONSTRAINT `vendedor_ibfk_3` FOREIGN KEY (`CodigoVendedor`) REFERENCES `vendedores` (`Codigo`) ON DELETE CASCADE ON UPDATE CASCADE;

--
-- Filtros para la tabla `sales`
--
ALTER TABLE `sales`
  ADD CONSTRAINT `c` FOREIGN KEY (`CodigoCajero`) REFERENCES `registro` (`Codigo`) ON DELETE CASCADE ON UPDATE CASCADE,
  ADD CONSTRAINT `cca` FOREIGN KEY (`Cliente`) REFERENCES `clientes` (`Cedula`) ON DELETE CASCADE ON UPDATE CASCADE,
  ADD CONSTRAINT `cv` FOREIGN KEY (`CodigoVendedor`) REFERENCES `vendedores` (`Codigo`) ON DELETE CASCADE ON UPDATE CASCADE;
COMMIT;

/*!40101 SET CHARACTER_SET_CLIENT=@OLD_CHARACTER_SET_CLIENT */;
/*!40101 SET CHARACTER_SET_RESULTS=@OLD_CHARACTER_SET_RESULTS */;
/*!40101 SET COLLATION_CONNECTION=@OLD_COLLATION_CONNECTION */;
