-- phpMyAdmin SQL Dump
-- version 4.8.4
-- https://www.phpmyadmin.net/
--
-- Servidor: 127.0.0.1
-- Tiempo de generación: 26-04-2019 a las 18:06:36
-- Versión del servidor: 10.1.37-MariaDB
-- Versión de PHP: 7.3.1

SET SQL_MODE = "NO_AUTO_VALUE_ON_ZERO";
SET AUTOCOMMIT = 0;
START TRANSACTION;
SET time_zone = "+00:00";


/*!40101 SET @OLD_CHARACTER_SET_CLIENT=@@CHARACTER_SET_CLIENT */;
/*!40101 SET @OLD_CHARACTER_SET_RESULTS=@@CHARACTER_SET_RESULTS */;
/*!40101 SET @OLD_COLLATION_CONNECTION=@@COLLATION_CONNECTION */;
/*!40101 SET NAMES utf8mb4 */;

--
-- Base de datos: `latinos`
--

DELIMITER $$
--
-- Procedimientos
--
CREATE DEFINER=`root`@`localhost` PROCEDURE `borrarcancelados` ()  DROP  TABLE IF EXISTS cancelados$$

CREATE DEFINER=`root`@`localhost` PROCEDURE `crearcancelado` ()  INSERT INTO cancelados SELECT * FROM saldos$$

CREATE DEFINER=`root`@`localhost` PROCEDURE `descuentos` ()  CREATE TABLE IF NOT EXISTS `posnew`.`Descuentos` ( `Descuento` VARCHAR(200) NOT NULL , `Descripcion` VARCHAR(200) NOT NULL , PRIMARY KEY (`Descuento`)) ENGINE = InnoDB$$

CREATE DEFINER=`root`@`localhost` PROCEDURE `eliminarnocancelados` ()  DELETE FROM cancelados WHERE NumFactura IN(SELECT NumFactura FROM saldos WHERE NumFactura=cancelados.NumFactura) AND CodigoCliente IN(SELECT CodigoCliente FROM saldos WHERE CodigoCliente=cancelados.CodigoCliente) AND Saldo>0$$

CREATE DEFINER=`root`@`localhost` PROCEDURE `iniciarcancelados` ()  CREATE TABLE IF NOT EXISTS cancelados LIKE saldos$$

CREATE DEFINER=`root`@`localhost` PROCEDURE `sp_contabon` (IN `fech1` DATETIME, IN `fech2` DATETIME)  SELECT factura.Fecha,abonos.NumFactura,abonos.Abono FROM factura, abonos WHERE factura.Numero=abonos.NumFactura AND factura.Fecha BETWEEN fech1 AND fech2$$

CREATE DEFINER=`root`@`localhost` PROCEDURE `sp_contaexc` (IN `fech1` DATETIME, IN `fech2` DATETIME)  SELECT factura.Fecha,detalles.NumeroFactura,0 AS BrutoGravado,ROUND((((detalles.Precio*detalles.Cantidad))-detalles.Descuento),2) AS Brutosingravar,0 AS Impuesto FROM factura,detalles where factura.Numero=detalles.NumeroFactura AND detalles.Impuesto='(E)' AND factura.Fecha BETWEEN fech1 AND fech2$$

CREATE DEFINER=`root`@`localhost` PROCEDURE `sp_contagrav` (IN `fech1` DATETIME, IN `fech2` DATETIME)  SELECT factura.Fecha,detalles.NumeroFactura,(detalles.Precio*detalles.Cantidad) AS BrutoGravado,ROUND((((detalles.Precio*detalles.Cantidad)/1.13)-detalles.Descuento),2) AS Brutosingravar,ROUND(((((detalles.Precio*detalles.Cantidad)/1.13)-detalles.Descuento)*13)/100,2) AS Impuesto FROM factura,detalles where factura.Numero=detalles.NumeroFactura AND detalles.Impuesto='(G)' AND factura.Fecha BETWEEN fech1 AND fech2$$

DELIMITER ;

-- --------------------------------------------------------

--
-- Estructura de tabla para la tabla `abonos`
--

CREATE TABLE `abonos` (
  `Codigo` int(111) NOT NULL,
  `Cedula` int(111) NOT NULL,
  `NumFactura` int(111) NOT NULL,
  `Abono` double(10,2) NOT NULL,
  `flag` int(11) DEFAULT NULL,
  `CodigoCajero` varchar(30) NOT NULL,
  `Fecha` datetime NOT NULL,
  `TipoPago` varchar(50) NOT NULL
) ENGINE=InnoDB DEFAULT CHARSET=utf8;

--
-- Volcado de datos para la tabla `abonos`
--

INSERT INTO `abonos` (`Codigo`, `Cedula`, `NumFactura`, `Abono`, `flag`, `CodigoCajero`, `Fecha`, `TipoPago`) VALUES
(1, 0, 118, 2000.00, 0, '1', '2018-12-19 11:01:32', 'Efectivo'),
(2, 0, 118, 1000.00, 0, '1', '2018-12-19 11:02:26', 'Efectivo'),
(3, 0, 118, 1000.00, 0, '1', '2018-12-19 11:04:01', 'Efectivo'),
(4, 0, 118, 1000.00, 0, '1', '2018-12-19 11:06:06', 'Efectivo'),
(5, 0, 118, 1000.00, 0, '1', '2018-12-19 11:13:59', 'Efectivo'),
(6, 0, 118, 1000.00, 0, '1', '2018-12-19 11:25:44', 'Efectivo'),
(7, 0, 118, 1000.00, 0, '1', '2018-12-19 11:35:23', 'Efectivo'),
(8, 0, 118, 1000.00, 0, '1', '2018-12-19 12:03:09', 'Efectivo'),
(9, 0, 118, 1000.00, 0, '1', '2018-12-19 12:33:12', 'Efectivo'),
(10, 0, 118, 1000.00, 0, '1', '2018-12-19 12:35:19', 'Efectivo'),
(11, 0, 118, 1000.00, 0, '1', '2018-12-19 12:41:31', 'Efectivo'),
(12, 0, 118, 1000.00, 0, '1', '2018-12-19 12:43:37', 'Efectivo'),
(13, 0, 118, 10000.00, 0, '1', '2018-12-19 12:49:48', 'Efectivo'),
(14, 0, 118, 1000.00, 0, '1', '2018-12-19 12:55:59', 'Efectivo'),
(15, 0, 118, 1000.00, 0, '1', '2018-12-19 13:02:50', 'Efectivo'),
(16, 0, 118, 1000.00, 0, '1', '2018-12-19 13:36:17', 'Efectivo'),
(17, 0, 118, 1000.00, 0, '1', '2018-12-19 13:38:07', 'Efectivo'),
(18, 0, 118, 1000.00, 0, '1', '2018-12-19 13:40:27', 'Efectivo'),
(19, 0, 118, 1000.00, 0, '1', '2018-12-19 13:41:35', 'Efectivo'),
(20, 0, 118, 1000.00, 0, '1', '2018-12-19 13:43:05', 'Efectivo'),
(21, 0, 118, 1000.00, 0, '1', '2018-12-19 13:43:28', 'Efectivo'),
(22, 0, 118, 1000.00, 0, '1', '2018-12-19 13:44:46', 'Efectivo'),
(23, 0, 118, 1000.00, 0, '1', '2018-12-19 13:46:09', 'Efectivo'),
(24, 0, 118, 1000.00, 0, '1', '2018-12-19 13:46:56', 'Efectivo'),
(25, 0, 118, 1000.00, 0, '1', '2018-12-19 13:48:52', 'Efectivo'),
(26, 0, 118, 1000.00, 0, '1', '2018-12-19 13:51:53', 'Efectivo'),
(27, 0, 118, 1000.00, 0, '1', '2018-12-19 13:52:44', 'Efectivo'),
(28, 0, 118, 1000.00, 0, '1', '2018-12-19 13:54:19', 'Efectivo'),
(29, 0, 118, 1000.00, 0, '1', '2018-12-19 13:55:33', 'Efectivo'),
(30, 0, 118, 1000.00, 0, '1', '2018-12-19 14:00:02', 'Efectivo'),
(31, 0, 118, 1000.00, 0, '1', '2018-12-19 14:02:02', 'Efectivo'),
(32, 0, 118, 1000.00, 0, '1', '2018-12-19 14:03:36', 'Efectivo'),
(33, 0, 118, 1000.00, 0, '1', '2018-12-19 14:05:10', 'Efectivo'),
(34, 0, 118, 1000.00, 0, '1', '2018-12-19 14:06:28', 'Efectivo'),
(35, 0, 119, 4000.00, 0, '1', '2018-12-20 08:47:41', 'Efectivo'),
(36, 108240328, 1116, 1000.00, 0, '1', '2018-12-20 10:43:26', 'Efectivo'),
(37, 108240328, 25586, 1000.00, 0, '1', '2018-12-20 10:43:58', 'Tarjeta'),
(38, 108240328, 1116, 1000.00, 0, '1', '2018-12-20 10:46:11', 'Tarjeta'),
(39, 108240328, 1116, 1000.00, 0, '1', '2018-12-20 10:49:03', 'Efectivo'),
(40, 108240328, 25586, 3000.00, 0, '1', '2018-12-20 11:16:59', 'Tarjeta'),
(41, 112720507, 1133, 1000.00, 1, '1', '2019-04-12 14:16:18', 'Efectivo');

--
-- Disparadores `abonos`
--
DELIMITER $$
CREATE TRIGGER `actualizarsaldo` AFTER INSERT ON `abonos` FOR EACH ROW UPDATE saldos,abonos SET saldos.Saldo=saldos.Saldo-abonos.Abono WHERE saldos.NumFactura=abonos.NumFactura AND saldos.CodigoCliente=abonos.Cedula AND abonos.flag=1
$$
DELIMITER ;

-- --------------------------------------------------------

--
-- Estructura de tabla para la tabla `cancelados`
--

CREATE TABLE `cancelados` (
  `NumFactura` int(111) NOT NULL,
  `CodigoCliente` varchar(200) NOT NULL,
  `Saldo` double NOT NULL,
  `Inicial` double DEFAULT NULL,
  `CodigoCajero` varchar(30) NOT NULL,
  `Fecha` datetime NOT NULL,
  `NumerodeComprobante` varchar(200) NOT NULL,
  `CodigoVendedor` int(111) NOT NULL
) ENGINE=InnoDB DEFAULT CHARSET=utf8;

--
-- Volcado de datos para la tabla `cancelados`
--

INSERT INTO `cancelados` (`NumFactura`, `CodigoCliente`, `Saldo`, `Inicial`, `CodigoCajero`, `Fecha`, `NumerodeComprobante`, `CodigoVendedor`) VALUES
(119, '0', 0, 4000, '1', '2018-12-14 10:03:36', '0', 1),
(1133, '112720507', 0, 1000, '1', '2019-04-12 14:15:19', '0', 1);

-- --------------------------------------------------------

--
-- Estructura de tabla para la tabla `cierre`
--

CREATE TABLE `cierre` (
  `Numero` int(110) NOT NULL,
  `Fecha` datetime NOT NULL,
  `FacturaInicialf` int(111) NOT NULL,
  `FacturaFinalf` int(111) NOT NULL,
  `FacturaInicialp` int(111) NOT NULL,
  `FacturaFinalp` int(111) NOT NULL,
  `abonoinicial` int(111) NOT NULL,
  `abonofinal` int(111) NOT NULL,
  `VentasContado` double(10,2) NOT NULL,
  `Abonos` double(10,2) NOT NULL,
  `Fondo` double(10,2) NOT NULL,
  `VentasTarjeta` double(10,2) NOT NULL
) ENGINE=InnoDB DEFAULT CHARSET=latin1;

-- --------------------------------------------------------

--
-- Estructura de tabla para la tabla `clientes`
--

CREATE TABLE `clientes` (
  `Cedula` bigint(100) NOT NULL,
  `Nombre` varchar(500) NOT NULL,
  `Telefono` varchar(200) NOT NULL,
  `Correo` varchar(200) NOT NULL,
  `Direccion` varchar(250) NOT NULL
) ENGINE=InnoDB DEFAULT CHARSET=latin1;

--
-- Volcado de datos para la tabla `clientes`
--

INSERT INTO `clientes` (`Cedula`, `Nombre`, `Telefono`, `Correo`, `Direccion`) VALUES
(0, 'Contado', 'Contado', 'Contado@correo.com', 'Contado'),
(106570577, 'LOURDES URE?A CRUZ', '88888888', 'LOURDESUC13@GMAIL.COM', 'PÉREZ ZELEDÓN'),
(108240328, 'GISELLE CAMACHO ROMERO', '89001661', 'CORREO@CORREO.COM', 'PÉREZ ZELEDÓN'),
(110290618, 'ARLINY GOMEZ GAMBOA', '88490475', 'TIENDALATINOS@GMAIL.COM', 'PÉREZ ZELEDÓN'),
(111560625, 'SILVIA ELENA INFANTE PICADO', '83342041', 'CORREO@CORREO.COM', 'PÉREZ ZELEDÓN'),
(112040180, 'ROSIBEL UMA?A PORRAS', '86661714', 'CORREO@CORREO.COM', 'PÉREZ ZELEDÓN'),
(112560813, 'SILVIA ELENA NAVARRO SALAS', '83102870', 'LIBRERIAPZ33@GMAIL.COM', 'PÉREZ ZELEDÓN'),
(112720507, 'RICHARD EDUARDO VIQUEZ PEREZ', '88888888', 'CORREO@CORREO.COM', 'PÉREZ ZELEDÓN'),
(114880746, 'REBECA VALVERDE ACU?A', '89868574', 'CHINAREBECA273@GMAIL.COM', 'PÉREZ ZELEDÓN'),
(115950178, 'LUIS ALBERTO GOMEZ GAMBOA', '70543824', 'LUISTXUS123@GMAIL.COM', 'PÉREZ ZELEDÓN'),
(116130510, 'NAZARETH FONSECA LOAICIGA', '60051003', 'NAZARETGFONSECAL@GMAIL.COM', 'PÉREZ ZELEDÓN'),
(204520174, 'IRENIO RAFAEL GONZALEZ HERRERA', '87858253', 'IRENIO.RAFA01@GMAIL.COM', 'CORONADO DE OSA'),
(704000380, 'NEYDELIN', '88888888', 'CORREO@CORREO.COM', 'PÉREZ ZELEDÓN'),
(801050079, 'SONIA GRACIELA ORTIZ GONZALES', '89215176', 'SONIAORTIZ197519@GMAIL.COM', 'PÉREZ ZELEDÓN'),
(3101169701, 'TRANSPORTES PEGON SOCIEDAD ANONIMA', '88370456', 'YANELAHIDALGOC@GMAIL.COM', 'PÉREZ ZELEDÓN'),
(3101358892, 'CARROCERIA Y PINTURA HERMANOS GONZALEZ E HIJOS SOCIEDAD ANONIMA', '27794747', 'FACTURAPARRITA@TALLERGONZALEZ.COM', 'PARRITA PUNTARENAS'),
(310101088231, 'CORPORACION DE DESARROLLO AGRICOLA DEL MONTE SOCIEDAD ANONIMA', '88888888', 'CREFAC@FRESHDELMONTE.COM', 'PÉREZ ZELEDÓN');

-- --------------------------------------------------------

--
-- Estructura de tabla para la tabla `descuento`
--

CREATE TABLE `descuento` (
  `Montoad` int(10) NOT NULL,
  `Montoti` int(11) NOT NULL
) ENGINE=InnoDB DEFAULT CHARSET=latin1;

--
-- Volcado de datos para la tabla `descuento`
--

INSERT INTO `descuento` (`Montoad`, `Montoti`) VALUES
(100, 50);

-- --------------------------------------------------------

--
-- Estructura de tabla para la tabla `detalles`
--

CREATE TABLE `detalles` (
  `Id` int(111) NOT NULL,
  `NumeroFactura` int(111) NOT NULL,
  `Cliente` bigint(100) NOT NULL,
  `Item` varchar(200) NOT NULL,
  `Cantidad` int(111) NOT NULL,
  `Descuento` double NOT NULL,
  `Precio` double NOT NULL,
  `Impuesto` varchar(50) NOT NULL
) ENGINE=InnoDB DEFAULT CHARSET=latin1;

--
-- Volcado de datos para la tabla `detalles`
--

INSERT INTO `detalles` (`Id`, `NumeroFactura`, `Cliente`, `Item`, `Cantidad`, `Descuento`, `Precio`, `Impuesto`) VALUES
(11, 211, 108240328, '1', 1, 0, 4500, '(G)'),
(12, 211, 108240328, '1', 1, 0, 4500, '(G)'),
(13, 212, 108240328, '1', 1, 0, 33454, '(G)'),
(14, 212, 108240328, '4', 1, 0, 34355, '(G)'),
(15, 212, 108240328, '4', 1, 0, 342564, '(G)'),
(16, 212, 108240328, '5', 1, 0, 465545, '(G)'),
(17, 212, 108240328, '1', 1, 0, 456656, '(G)'),
(18, 213, 106570577, '1', 1, 0, 6543, '(G)'),
(19, 213, 106570577, '5', 1, 0, 335, '(G)'),
(20, 214, 108240328, '1', 1, 0, 4300, '(G)'),
(21, 215, 115950178, '1', 1, 0, 435435, '(G)'),
(22, 216, 108240328, '1', 1, 0, 4500, '(G)'),
(25, 217, 108240328, '1', 1, 0, 4500, '(G)'),
(26, 218, 108240328, '1', 1, 0, 3744, '(G)'),
(28, 219, 106570577, '1', 1, 0, 4500, '(G)'),
(29, 2110, 108240328, '1', 1, 0, 3489, '(G)'),
(30, 2111, 108240328, '1', 1, 0, 3489, '(G)'),
(31, 2112, 106570577, '1', 1, 0, 3943, '(G)'),
(32, 2113, 108240328, '1', 1, 0, 234324, '(G)'),
(34, 2114, 108240328, '1', 1, 0, 435456, '(G)'),
(35, 2115, 108240328, '1', 1, 0, 4500, '(G)'),
(36, 2116, 108240328, '1', 1, 0, 3456, '(G)'),
(37, 2117, 108240328, '1', 1, 0, 132, '(G)'),
(38, 2118, 108240328, '1', 1, 0, 300, '(G)'),
(39, 2119, 108240328, '1', 1, 0, 54830, '(G)'),
(40, 2120, 111560625, '1', 1, 24261.0619469, 54830, '(G)'),
(41, 2121, 0, '1', 1, 2212.39, 5000, '(G)'),
(42, 2122, 0, '1', 1, 0, 67457, '(G)'),
(43, 2123, 106570577, '1', 1, 0, 67457, '(G)'),
(44, 2124, 108240328, '1', 1, 29848.23, 67457, '(G)'),
(45, 2125, 0, '1', 1, 29848.23, 67457, '(G)'),
(46, 111, 0, '1', 1, 1000, 10000, '(G)'),
(47, 111, 0, '1', 1, 1000, 10000, '(G)'),
(48, 112, 0, '1', 1, 1000, 10000, '(G)'),
(49, 112, 0, '1', 1, 1000, 10000, '(G)'),
(55, 113, 0, '1', 1, 1000, 10000, '(G)'),
(56, 113, 0, '1', 1, 1000, 10000, '(G)'),
(59, 114, 0, '1', 1, 0, 5000, '(G)'),
(60, 115, 0, '1', 1, 1000, 10000, '(G)'),
(61, 115, 0, '1', 1, 1000, 10000, '(E)'),
(62, 116, 115950178, '1', 1, 5000, 10000, '(E)'),
(63, 117, 108240328, '1', 1, 3000, 6000, '(G)'),
(64, 118, 0, '1', 1, 0, 5000, '(G)'),
(65, 119, 0, '1', 1, 0, 4000, '(G)'),
(66, 1110, 108240328, '1', 1, 0, 3000, '(G)'),
(67, 1111, 108240328, '7', 1, 0, 4325325, '(G)'),
(68, 1112, 0, '9', 1, 0, 13342, '(G)'),
(69, 1113, 108240328, '1', 1, 0, 12324, '(G)'),
(72, 1114, 704000380, '1', 1, 0, 1000, '(G)'),
(73, 1115, 106570577, '10', 1, 0, 5000, '(G)'),
(74, 1116, 108240328, '4', 1, 0, 3500, '(G)'),
(75, 1117, 106570577, '1', 1, 0, 5000, '(G)'),
(76, 1117, 106570577, '3', 1, 0, 6700, '(G)'),
(77, 1118, 106570577, '1', 1, 0, 5000, '(G)'),
(78, 1118, 106570577, '3', 1, 0, 6700, '(G)'),
(79, 1119, 106570577, '4', 1, 0, 4366, '(G)'),
(80, 1120, 110290618, '1', 1, 0, 45956096, '(G)'),
(81, 1120, 110290618, '3', 1, 0, 23444, '(G)'),
(82, 1121, 106570577, '1', 1, 0, 3000, '(G)'),
(83, 1122, 0, '1', 1, 5000, 10000, '(G)'),
(84, 1122, 0, '4', 1, 2500, 5000, '(G)'),
(85, 1123, 106570577, '1', 1, 0, 5000, '(G)'),
(86, 1123, 106570577, '4', 1, 4000, 4000, '(G)'),
(87, 1123, 106570577, '1', 1, 0, 6000, '(G)'),
(88, 1124, 106570577, '1', 1, 0, 5000, '(G)'),
(89, 1124, 106570577, '1', 1, 4000, 4000, '(G)'),
(90, 1124, 106570577, '1', 1, 0, 10000, '(G)'),
(92, 1125, 106570577, '1', 1, 0, 5000, '(G)'),
(93, 1126, 110290618, '12', 1, 0, 4500, '(G)'),
(94, 1127, 106570577, '1', 1, 0, 4000, '(G)'),
(95, 1128, 108240328, '1', 1, 0, 3244, '(G)'),
(96, 1129, 0, '1', 1, 0, 3500, '(G)'),
(97, 1130, 0, '1', 1, 0, 2435, '(G)'),
(99, 1131, 106570577, '1', 1, 0, 3000, '(G)'),
(100, 1132, 0, '1', 1, 0, 2343525, '(G)'),
(106, 2126, 112720507, '1', 1, 0, 100, '(G)'),
(107, 1133, 112720507, '1', 1, 0, 1000, '(G)');

-- --------------------------------------------------------

--
-- Estructura de tabla para la tabla `detallessales`
--

CREATE TABLE `detallessales` (
  `Id` int(111) NOT NULL,
  `NumeroFactura` int(111) NOT NULL,
  `Cliente` bigint(100) NOT NULL,
  `Item` varchar(200) NOT NULL,
  `Cantidad` int(111) NOT NULL,
  `Descuento` varchar(200) NOT NULL,
  `Precio` double(20,8) NOT NULL,
  `Impuesto` varchar(50) NOT NULL
) ENGINE=InnoDB DEFAULT CHARSET=latin1;

--
-- Volcado de datos para la tabla `detallessales`
--

INSERT INTO `detallessales` (`Id`, `NumeroFactura`, `Cliente`, `Item`, `Cantidad`, `Descuento`, `Precio`, `Impuesto`) VALUES
(1, 2211, 0, '1', 1, '0', 3000.00000000, '(G)'),
(2, 2212, 0, '1', 1, '0', 4500.00000000, '(G)'),
(3, 2212, 0, '1', 1, '0', 6900.00000000, '(G)'),
(4, 2213, 0, '1', 1, '0', 243.00000000, '(G)'),
(5, 2213, 0, '3', 1, '0', 3242.00000000, '(G)'),
(6, 2213, 0, '4', 1, '100', 4354.00000000, '(G)'),
(7, 22114, 0, '1', 1, '0.00000000', 10000.00000000, '(G)'),
(8, 22115, 0, '1', 1, '0.00000000', 4358.00000000, '(G)'),
(9, 22116, 0, '1', 1, '0.00000000', 4000.00000000, '(G)'),
(10, 112, 0, '1', 1, '0.00000000', 3242.00000000, '(G)'),
(11, 113, 0, '1', 1, '0.00000000', 2344.00000000, '(G)'),
(12, 114, 0, '1', 1, '0.00000000', 4000.00000000, '(G)'),
(13, 115, 0, '1', 1, '0.00000000', 231423454.00000000, '(G)'),
(14, 3117, 0, '1', 1, '0.00000000', 200.00000000, '(G)'),
(15, 3118, 0, '1', 1, '0.00000000', 200.00000000, '(G)'),
(16, 3119, 0, '1', 1, '0.00000000', 1000.00000000, '(G)'),
(17, 3120, 0, '1', 1, '0.00000000', 100.00000000, '(G)'),
(18, 3121, 0, '1', 1, '0.00000000', 1000.00000000, '(G)'),
(19, 3122, 0, '1', 1, '0.00000000', 1000.00000000, '(G)'),
(20, 3123, 0, '1', 1, '0.00000000', 1000.00000000, '(G)'),
(21, 3124, 0, '1', 1, '0.00000000', 1000.00000000, '(G)'),
(22, 3125, 0, '1', 1, '0.00000000', 1000.00000000, '(G)'),
(23, 3126, 0, '1', 1, '0.00000000', 1000.00000000, '(G)'),
(24, 3127, 0, '1', 1, '0.00000000', 1000.00000000, '(G)'),
(25, 3128, 0, '1', 1, '0.00000000', 1000.00000000, '(G)'),
(26, 3129, 0, '1', 1, '0.00000000', 100.00000000, '(G)'),
(27, 3130, 0, '1', 1, '0.00000000', 1000.00000000, '(G)'),
(28, 3131, 0, '1', 1, '0.00000000', 1000.00000000, '(G)'),
(29, 3132, 0, '1', 1, '0.00000000', 1000.00000000, '(G)'),
(30, 3133, 0, '1', 1, '0.00000000', 1000.00000000, '(G)'),
(31, 3134, 0, '1', 1, '0.00000000', 1000.00000000, '(G)'),
(32, 3135, 0, '1', 1, '0.00000000', 1.00000000, '(G)'),
(33, 3135, 0, '1', 1, '0.00000000', 1000.00000000, '(G)'),
(34, 3136, 0, '1', 1, '0.00000000', 1000.00000000, '(G)'),
(35, 3137, 0, '1', 1, '0.00000000', 1000.00000000, '(G)'),
(36, 3138, 0, '1', 1, '0.00000000', 200.00000000, '(G)'),
(37, 3139, 0, '1', 1, '0.00000000', 1000.00000000, '(G)'),
(38, 3140, 0, '1', 1, '0.00000000', 1000.00000000, '(G)'),
(39, 3141, 0, '1', 1, '0.00000000', 1000.00000000, '(G)'),
(40, 3142, 0, '1', 1, '0.00000000', 1000.00000000, '(G)'),
(41, 3143, 0, '1', 1, '0.00000000', 1000.00000000, '(G)'),
(42, 3144, 0, '10', 1, '0.00000000', 1000.00000000, '(G)');

-- --------------------------------------------------------

--
-- Estructura de tabla para la tabla `factura`
--

CREATE TABLE `factura` (
  `Numero` int(111) NOT NULL,
  `Fecha` datetime NOT NULL,
  `Cliente` bigint(100) NOT NULL,
  `Total` double NOT NULL,
  `CodigoCajero` int(111) NOT NULL,
  `TipoPago` varchar(40) NOT NULL,
  `NumerodeComprobante` varchar(50) NOT NULL,
  `CodigoVendedor` int(111) NOT NULL,
  `Tipo` varchar(50) NOT NULL
) ENGINE=InnoDB DEFAULT CHARSET=latin1;

--
-- Volcado de datos para la tabla `factura`
--

INSERT INTO `factura` (`Numero`, `Fecha`, `Cliente`, `Total`, `CodigoCajero`, `TipoPago`, `NumerodeComprobante`, `CodigoVendedor`, `Tipo`) VALUES
(111, '2018-12-12 11:54:35', 0, 18000, 1, 'Tarjeta', '0', 1, 'Factura'),
(112, '2018-12-12 12:17:14', 0, 18000, 1, 'Tarjeta', '0', 1, 'Factura'),
(113, '2018-12-12 12:24:55', 0, 18000, 1, 'Tarjeta', '0', 1, 'Factura'),
(114, '2018-12-12 14:12:14', 0, 5000, 1, 'Tarjeta', '0', 1, 'Factura'),
(115, '2018-12-12 14:13:02', 0, 18000, 1, 'Tarjeta', '0', 1, 'Factura'),
(116, '2018-12-12 14:14:30', 115950178, 5000, 1, 'Tarjeta', '0', 1, 'Factura'),
(117, '2018-12-12 16:25:31', 108240328, 3000, 1, 'Tarjeta', '0', 1, 'Factura'),
(118, '2018-12-13 20:55:39', 0, 5000, 1, 'Efectivo', '0', 1, 'Apartado'),
(119, '2018-12-14 10:03:36', 0, 4000, 1, 'Efectivo', '0', 1, 'Apartado'),
(211, '2018-12-03 15:12:07', 108240328, 9000, 1, 'Efectivo', '0', 1, 'Factura'),
(212, '2018-12-03 15:13:21', 108240328, 1332574, 1, 'Efectivo', '0', 1, 'Factura'),
(213, '2018-12-03 15:21:23', 106570577, 6878, 1, 'Tarjeta', '1', 1, 'Factura'),
(214, '2018-12-03 16:42:21', 108240328, 4300, 1, 'Tarjeta', '40008', 1, 'Factura'),
(215, '2018-12-03 16:43:29', 115950178, 435435, 1, 'Tarjeta', '14008', 1, 'Factura'),
(216, '2018-12-03 16:45:10', 108240328, 4500, 1, 'Tarjeta', '14008', 1, 'Factura'),
(217, '2018-12-03 17:03:06', 108240328, 4500, 1, 'Tarjeta', '14008', 1, 'Factura'),
(218, '2018-12-03 17:05:03', 108240328, 3744, 1, 'Tarjeta', '14008', 1, 'Factura'),
(219, '2018-12-03 17:09:44', 106570577, 4500, 1, 'Tarjeta', '14008', 1, 'Factura'),
(1110, '2018-12-18 14:52:41', 108240328, 3000, 1, 'Tarjeta', '0', 1, 'Factura'),
(1111, '2018-12-18 15:05:50', 108240328, 4325325, 1, 'Efectivo', '0', 1, 'Factura'),
(1112, '2018-12-18 15:06:50', 0, 13342, 1, 'Tarjeta', '1222', 1, 'Factura'),
(1113, '2018-12-18 15:08:10', 108240328, 12324, 1, 'Tarjeta', '1233', 1, 'Factura'),
(1114, '2018-12-19 14:52:07', 704000380, 1000, 1, 'Tarjeta', '2234', 1, 'Factura'),
(1115, '2018-12-20 09:58:06', 106570577, 5000, 1, 'Efectivo', '0', 1, 'Apartado'),
(1116, '2018-12-20 09:58:50', 108240328, 3500, 1, 'Efectivo', '0', 1, 'Apartado'),
(1117, '2018-12-20 10:59:46', 106570577, 11700, 1, 'Efectivo', '0', 1, 'Factura'),
(1118, '2018-12-20 10:59:54', 106570577, 11700, 1, 'Efectivo', '0', 1, 'Factura'),
(1119, '2018-12-20 11:00:29', 106570577, 4366, 1, 'Efectivo', '0', 1, 'Factura'),
(1120, '2018-12-20 11:01:17', 110290618, 45979540, 1, 'Efectivo', '0', 1, 'Factura'),
(1121, '2018-12-20 11:07:52', 106570577, 3000, 1, 'Efectivo', '0', 1, 'Factura'),
(1122, '2018-12-20 11:09:24', 0, 7500, 1, 'Tarjeta', '234344', 1, 'Factura'),
(1123, '2018-12-20 11:11:29', 106570577, 11000, 1, 'Tarjeta', '123213', 1, 'Factura'),
(1124, '2018-12-20 11:14:00', 106570577, 15000, 1, 'Efectivo', '0', 1, 'Factura'),
(1125, '2018-12-20 15:19:17', 106570577, 5000, 1, 'Tarjeta', '1324', 1, 'Apartado'),
(1126, '2018-12-20 15:20:39', 110290618, 4500, 1, 'Efectivo', '0', 1, 'Factura'),
(1127, '2018-12-20 15:24:07', 106570577, 4000, 1, 'Efectivo', '0', 1, 'Apartado'),
(1128, '2018-12-20 15:25:01', 108240328, 3244, 1, 'Tarjeta', '1111', 1, 'Apartado'),
(1129, '2018-12-20 15:25:32', 0, 3500, 1, 'Efectivo', '0', 1, 'Apartado'),
(1130, '2018-12-20 15:26:08', 0, 2435, 1, 'Tarjeta', '3535', 1, 'Apartado'),
(1131, '2018-12-20 16:29:53', 106570577, 3000, 1, 'Tarjeta', '2344', 1, 'Apartado'),
(1132, '2018-12-20 16:30:40', 0, 2343525, 1, 'Efectivo', '0', 1, 'Apartado'),
(1133, '2019-04-12 14:15:19', 112720507, 1000, 1, 'Efectivo', '0', 1, 'Apartado'),
(2110, '2018-12-03 17:10:44', 108240328, 3489, 1, 'Efectivo', '0', 1, 'Factura'),
(2111, '2018-12-03 17:11:12', 108240328, 3489, 1, 'Efectivo', '0', 1, 'Factura'),
(2112, '2018-12-03 17:11:47', 106570577, 3943, 1, 'Tarjeta', '14008', 1, 'Factura'),
(2113, '2018-12-03 17:14:06', 108240328, 234324, 1, 'Tarjeta', '14008', 1, 'Factura'),
(2114, '2018-12-03 17:15:35', 108240328, 435456, 1, 'Efectivo', '0', 1, 'Factura'),
(2115, '2018-12-03 17:22:57', 108240328, 4500, 1, 'Tarjeta', '14008', 1, 'Factura'),
(2116, '2018-12-03 17:28:58', 108240328, 3456, 1, 'Efectivo', '0', 1, 'Factura'),
(2117, '2018-12-03 17:29:37', 108240328, 132, 1, 'Tarjeta', '14008', 1, 'Factura'),
(2118, '2018-12-04 09:05:19', 108240328, 300, 1, 'Tarjeta', '4354', 1, 'Factura'),
(2119, '2018-12-04 09:47:41', 108240328, 54830, 1, 'Efectivo', '0', 1, 'Factura'),
(2120, '2018-12-04 09:49:18', 111560625, 27415, 1, 'Efectivo', '0', 1, 'Factura'),
(2121, '2018-12-07 12:41:51', 0, 2500, 1, 'Tarjeta', '0', 1, 'Factura'),
(2122, '2018-12-07 12:49:21', 0, 67457, 1, 'Tarjeta', '0', 1, 'Factura'),
(2123, '2018-12-07 12:50:14', 106570577, 67457, 1, 'Tarjeta', '0', 1, 'Factura'),
(2124, '2018-12-07 12:51:26', 108240328, 33728.5, 1, 'Tarjeta', '0', 1, 'Factura'),
(2125, '2018-12-07 12:52:08', 0, 33728.5, 1, 'Tarjeta', '0', 1, 'Factura'),
(2126, '2019-04-12 14:12:24', 112720507, 100, 1, 'Efectivo', '0', 1, 'Factura');

-- --------------------------------------------------------

--
-- Estructura de tabla para la tabla `hacienda`
--

CREATE TABLE `hacienda` (
  `Clave` varchar(100) NOT NULL,
  `Consecutivo` varchar(50) NOT NULL,
  `Comprobante` int(11) NOT NULL
) ENGINE=InnoDB DEFAULT CHARSET=latin1;

--
-- Volcado de datos para la tabla `hacienda`
--

INSERT INTO `hacienda` (`Clave`, `Consecutivo`, `Comprobante`) VALUES
('50605101800310103670500100001040000000048153516021', '00100001040000000048', 211),
('50605101800310103670500100001010000000009136291204', '00100001010000000009', 212),
('50605101800310103670500100001040000000049161074445', '00100001040000000049', 213),
('50605101800310103670500100001040000000050190749402', '00100001040000000050', 214),
('50605101800310103670500100001040000000051171172263', '00100001040000000051', 215),
('50605101800310103670500100001040000000052111209800', '00100001040000000052', 216),
('50605101800310103670500100001040000000053123435620', '00100001040000000053', 217),
('50605101800310103670500100001040000000054120711133', '00100001040000000054', 218),
('50605101800310103670500100001040000000055129782073', '00100001040000000055', 219),
('50605101800310103670500100001040000000056180113416', '00100001040000000056', 2110),
('50605101800310103670500100001040000000057172417558', '00100001040000000057', 2111),
('50605101800310103670500100001010000000010185303140', '00100001010000000010', 2112),
('50605101800310103670500100001040000000058174660804', '00100001040000000058', 251),
('50605101800310103670500100001040000000058174660804', '00100001040000000058', 252),
('50605101800310103670500100001040000000059192933007', '00100001040000000059', 253),
('50605101800310103670500100001040000000060117003346', '00100001040000000060', 254),
('50605101800310103670500100001040000000061177750431', '00100001040000000061', 255),
('50605101800310103670500100001040000000062185178694', '00100001040000000062', 256),
('50605101800310103670500100001040000000063117650166', '00100001040000000063', 257),
('50605101800310103670500100001040000000064145104383', '00100001040000000064', 258),
('50605101800310103670500100001040000000065100438127', '00100001040000000065', 259),
('50605101800310103670500100001040000000066109878225', '00100001040000000066', 2510),
('50605101800310103670500100001040000000067199437406', '00100001040000000067', 2511),
('50605101800310103670500100001040000000068140308913', '00100001040000000068', 2512),
('50605101800310103670500100001040000000069145322731', '00100001040000000069', 2513),
('50605101800310103670500100001040000000070134273823', '00100001040000000070', 2514),
('50605101800310103670500100001040000000071118053983', '00100001040000000071', 2515),
('50606101800310103670500100001040000000072184085317', '00100001040000000072', 2516),
('50606101800310103670500100001040000000073154244367', '00100001040000000073', 2517),
('50606101800310103670500100001040000000074133960919', '00100001040000000074', 2518),
('50606101800310103670500100001040000000075170963313', '00100001040000000075', 2519),
('50606101800310103670500100001040000000076115217439', '00100001040000000076', 2520),
('50606101800310103670500100001040000000077157698888', '00100001040000000077', 2521),
('50606101800310103670500100001040000000078199888801', '00100001040000000078', 2522),
('50606101800310103670500100001040000000079125583929', '00100001040000000079', 2523),
('50606101800310103670500100001040000000080164920057', '00100001040000000080', 2524),
('50606101800310103670500100001040000000081116170094', '00100001040000000081', 2525),
('50606101800310103670500100001040000000082128245457', '00100001040000000082', 2526),
('50606101800310103670500100001040000000083183628508', '00100001040000000083', 2527),
('50606101800310103670500100001040000000084118344026', '00100001040000000084', 2528),
('50606101800310103670500100001040000000085172121112', '00100001040000000085', 2529),
('50606101800310103670500100001040000000086198168737', '00100001040000000086', 2530),
('50606101800310103670500100001040000000087151719605', '00100001040000000087', 2531),
('50606101800310103670500100001040000000088120881138', '00100001040000000088', 2532),
('50606101800310103670500100001040000000089174068355', '00100001040000000089', 2533),
('50606101800310103670500100001040000000090141289513', '00100001040000000090', 2534),
('50606101800310103670500100001040000000090141289513', '00100001040000000090', 2535),
('50606101800310103670500100001040000000091146627139', '00100001040000000091', 2536),
('50606101800310103670500100001040000000092120345224', '00100001040000000092', 2537),
('50606101800310103670500100001040000000092120345224', '00100001040000000092', 2538),
('50606101800310103670500100001040000000093164593795', '00100001040000000093', 2539),
('50606101800310103670500100001040000000094143070015', '00100001040000000094', 2540),
('50606101800310103670500100001040000000095140316992', '00100001040000000095', 2541),
('50606101800310103670500100001040000000096175829428', '00100001040000000096', 2542),
('50606101800310103670500100001040000000097131072210', '00100001040000000097', 2543),
('50606101800310103670500100001040000000098135978950', '00100001040000000098', 2544),
('50606101800310103670500100001040000000099170553898', '00100001040000000099', 2545),
('50606101800310103670500100001040000000100102230737', '00100001040000000100', 2546),
('50606101800310103670500100001040000000101133174200', '00100001040000000101', 2547),
('50606101800310103670500100001040000000102139631842', '00100001040000000102', 2548),
('50606101800310103670500100001040000000103132064720', '00100001040000000103', 2549),
('50606101800310103670500100001040000000104102231072', '00100001040000000104', 2550),
('50606101800310103670500100001040000000105163719606', '00100001040000000105', 2551),
('50606101800310103670500100001040000000106103825381', '00100001040000000106', 2552),
('50606101800310103670500100001040000000106103825381', '00100001040000000106', 2553),
('50606101800310103670500100001040000000107194350089', '00100001040000000107', 2554),
('50606101800310103670500100001040000000108162205715', '00100001040000000108', 2555),
('50606101800310103670500100001040000000109123295606', '00100001040000000109', 2556),
('50606101800310103670500100001040000000110136183402', '00100001040000000110', 2557),
('50606101800310103670500100001040000000111174974406', '00100001040000000111', 2558),
('50606101800310103670500100001040000000112106710223', '00100001040000000112', 2559),
('50606101800310103670500100001040000000113180982825', '00100001040000000113', 2560),
('50606101800310103670500100001040000000113180982825', '00100001040000000113', 2561),
('50606101800310103670500100001040000000114151777389', '00100001040000000114', 2562),
('50606101800310103670500100001040000000115119488561', '00100001040000000115', 2563),
('50606101800310103670500100001040000000116100072825', '00100001040000000116', 2564),
('50606101800310103670500100001040000000117123086416', '00100001040000000117', 2565),
('50606101800310103670500100001040000000118183366525', '00100001040000000118', 2566),
('50606101800310103670500100001040000000119109909883', '00100001040000000119', 2567),
('50606101800310103670500100001040000000120168821797', '00100001040000000120', 2568),
('50606101800310103670500100001040000000121100298258', '00100001040000000121', 2569),
('50606101800310103670500100001040000000122188794971', '00100001040000000122', 2570),
('50606101800310103670500100001040000000123134650586', '00100001040000000123', 2571),
('50606101800310103670500100001040000000124169376057', '00100001040000000124', 2572),
('50606101800310103670500100001040000000125112819229', '00100001040000000125', 2573),
('50606101800310103670500100001040000000125112819229', '00100001040000000125', 2574),
('50606101800310103670500100001040000000126179517699', '00100001040000000126', 2575),
('50606101800310103670500100001040000000126179517699', '00100001040000000126', 2576),
('50606101800310103670500100001040000000127162533554', '00100001040000000127', 2577),
('50606101800310103670500100001040000000128116983583', '00100001040000000128', 2578),
('50606101800310103670500100001040000000129176890125', '00100001040000000129', 2579),
('50606101800310103670500100001040000000130116255728', '00100001040000000130', 2580),
('50606101800310103670500100001040000000131112367156', '00100001040000000131', 2581),
('50606101800310103670500100001040000000132187146200', '00100001040000000132', 2582),
('50606101800310103670500100001040000000133107850815', '00100001040000000133', 2583),
('50606101800310103670500100001010000000011127291042', '00100001010000000011', 2584),
('50606101800310103670500100001040000000134171966369', '00100001040000000134', 2585),
('50606101800310103670500100001040000000135166542831', '00100001040000000135', 2586),
('50606101800310103670500100001040000000136131472037', '00100001040000000136', 2587),
('50606101800310103670500100001040000000137199453609', '00100001040000000137', 2588),
('50606101800310103670500100001040000000138108267740', '00100001040000000138', 2589),
('50606101800310103670500100001040000000139154192139', '00100001040000000139', 2590),
('50606101800310103670500100001040000000140100473075', '00100001040000000140', 2591),
('50606101800310103670500100001040000000141175699296', '00100001040000000141', 2592),
('50606101800310103670500100001040000000142184803013', '00100001040000000142', 2593),
('50606101800310103670500100001040000000143101043657', '00100001040000000143', 2594),
('50606101800310103670500100001040000000144181236750', '00100001040000000144', 2595),
('50606101800310103670500100001040000000145149767872', '00100001040000000145', 2596),
('50606101800310103670500100001040000000146110659495', '00100001040000000146', 2597),
('50606101800310103670500100001040000000147153871667', '00100001040000000147', 2598),
('50606101800310103670500100001040000000147153871667', '00100001040000000147', 2599),
('50606101800310103670500100001040000000148181734899', '00100001040000000148', 25100),
('50606101800310103670500100001040000000149189208961', '00100001040000000149', 25101),
('50606101800310103670500100001040000000150109411782', '00100001040000000150', 25102),
('50606101800310103670500100001040000000151169247476', '00100001040000000151', 25103),
('50606101800310103670500100001040000000152188616385', '00100001040000000152', 25104),
('50606101800310103670500100001040000000153165073610', '00100001040000000153', 25105),
('50606101800310103670500100001040000000154183899077', '00100001040000000154', 25106),
('50606101800310103670500100001040000000155189556709', '00100001040000000155', 25107),
('50606101800310103670500100001040000000156175817980', '00100001040000000156', 25108),
('50607101800310103670500100001040000000157170042506', '00100001040000000157', 25109),
('50607101800310103670500100001040000000158138362927', '00100001040000000158', 25110),
('50607101800310103670500100001040000000159184761044', '00100001040000000159', 25111),
('50607101800310103670500100001040000000160146844345', '00100001040000000160', 25112),
('50607101800310103670500100001040000000161160796890', '00100001040000000161', 25113),
('50607101800310103670500100001040000000162131956259', '00100001040000000162', 25114),
('50607101800310103670500100001040000000163188699558', '00100001040000000163', 25115),
('50607101800310103670500100001040000000164137502885', '00100001040000000164', 25116),
('50607101800310103670500100001040000000165115589107', '00100001040000000165', 25117),
('50607101800310103670500100001040000000166136389487', '00100001040000000166', 25118),
('50607101800310103670500100001040000000167142594096', '00100001040000000167', 25119),
('50607101800310103670500100001040000000168126318263', '00100001040000000168', 25120),
('50607101800310103670500100001040000000169191544440', '00100001040000000169', 25121),
('50607101800310103670500100001040000000170155982052', '00100001040000000170', 25122),
('50607101800310103670500100001040000000171160324574', '00100001040000000171', 25123),
('50607101800310103670500100001040000000172109128179', '00100001040000000172', 25124),
('50607101800310103670500100001040000000173176362090', '00100001040000000173', 25125),
('50607101800310103670500100001040000000174123644538', '00100001040000000174', 25126),
('50607101800310103670500100001040000000175171392991', '00100001040000000175', 25127),
('50607101800310103670500100001040000000176127943043', '00100001040000000176', 25128),
('50607101800310103670500100001040000000177166010620', '00100001040000000177', 25129),
('50607101800310103670500100001040000000178176365548', '00100001040000000178', 25130),
('50607101800310103670500100001040000000179170339588', '00100001040000000179', 25131),
('50607101800310103670500100001040000000180151535139', '00100001040000000180', 25132),
('50607101800310103670500100001040000000181133479489', '00100001040000000181', 25133),
('50607101800310103670500100001040000000182127615914', '00100001040000000182', 25134),
('50607101800310103670500100001040000000183196735549', '00100001040000000183', 25135),
('50607101800310103670500100001040000000184120174710', '00100001040000000184', 25136),
('50607101800310103670500100001040000000185176546641', '00100001040000000185', 25137),
('50607101800310103670500100001040000000186108431121', '00100001040000000186', 25138),
('50607101800310103670500100001040000000187120336717', '00100001040000000187', 25139),
('50607101800310103670500100001040000000188146987400', '00100001040000000188', 25140),
('50607101800310103670500100001040000000189178334201', '00100001040000000189', 25141),
('50607101800310103670500100001040000000190166676269', '00100001040000000190', 25142),
('50607101800310103670500100001040000000191112206429', '00100001040000000191', 25143),
('50607101800310103670500100001040000000192136235638', '00100001040000000192', 25144),
('50607101800310103670500100001040000000193164986508', '00100001040000000193', 25145),
('50607101800310103670500100001040000000194167433115', '00100001040000000194', 25146),
('50607101800310103670500100001040000000195102053130', '00100001040000000195', 25147),
('50607101800310103670500100001040000000196128368853', '00100001040000000196', 25148),
('50608101800310103670500100001040000000197188674718', '00100001040000000197', 25149),
('50608101800310103670500100001040000000198194997103', '00100001040000000198', 25150),
('50608101800310103670500100001040000000199158871394', '00100001040000000199', 25151),
('50608101800310103670500100001040000000200123791006', '00100001040000000200', 25152),
('50608101800310103670500100001040000000201175821383', '00100001040000000201', 25153),
('50608101800310103670500100001040000000202175772730', '00100001040000000202', 25154),
('50608101800310103670500100001040000000203128659601', '00100001040000000203', 25155),
('50608101800310103670500100001040000000204124119365', '00100001040000000204', 25156),
('50608101800310103670500100001040000000205127316378', '00100001040000000205', 25157),
('50608101800310103670500100001040000000206191380930', '00100001040000000206', 25158),
('50608101800310103670500100001040000000207172375103', '00100001040000000207', 25159),
('50608101800310103670500100001040000000208113746305', '00100001040000000208', 25160),
('50608101800310103670500100001040000000209102976216', '00100001040000000209', 25161),
('50608101800310103670500100001010000000012102915736', '00100001010000000012', 25162),
('50608101800310103670500100001040000000210179379025', '00100001040000000210', 25163),
('50608101800310103670500100001040000000211115809884', '00100001040000000211', 25164),
('50608101800310103670500100001040000000212153118431', '00100001040000000212', 25165),
('50608101800310103670500100001040000000213139160110', '00100001040000000213', 25166),
('50608101800310103670500100001040000000214113142819', '00100001040000000214', 25167),
('50608101800310103670500100001040000000215131976873', '00100001040000000215', 25168),
('50608101800310103670500100001040000000216121992208', '00100001040000000216', 25169),
('50608101800310103670500100001040000000217188349700', '00100001040000000217', 25170),
('50608101800310103670500100001040000000218165987833', '00100001040000000218', 25171),
('50608101800310103670500100001040000000219149338611', '00100001040000000219', 25172),
('50608101800310103670500100001040000000220176320644', '00100001040000000220', 25173),
('50608101800310103670500100001040000000221170549256', '00100001040000000221', 25174),
('50608101800310103670500100001040000000222199393055', '00100001040000000222', 25175),
('50608101800310103670500100001040000000223144472351', '00100001040000000223', 25176),
('50608101800310103670500100001040000000224195485203', '00100001040000000224', 25177),
('50608101800310103670500100001040000000225140457473', '00100001040000000225', 25178),
('50608101800310103670500100001040000000226196800685', '00100001040000000226', 25179),
('50608101800310103670500100001040000000227178602775', '00100001040000000227', 25180),
('50608101800310103670500100001040000000228125414861', '00100001040000000228', 25181),
('50608101800310103670500100001040000000229135396097', '00100001040000000229', 25182),
('50608101800310103670500100001040000000230158242374', '00100001040000000230', 25183),
('50608101800310103670500100001040000000231110909961', '00100001040000000231', 25184),
('50609101800310103670500100001040000000232132407728', '00100001040000000232', 25185),
('50609101800310103670500100001040000000233121041533', '00100001040000000233', 25186),
('50609101800310103670500100001040000000234118620701', '00100001040000000234', 25187),
('50609101800310103670500100001040000000235112990359', '00100001040000000235', 25188),
('50609101800310103670500100001040000000236128568478', '00100001040000000236', 25189),
('50609101800310103670500100001040000000237152680521', '00100001040000000237', 25190),
('50609101800310103670500100001040000000238147133438', '00100001040000000238', 25191),
('50609101800310103670500100001040000000239184882771', '00100001040000000239', 25192),
('50609101800310103670500100001040000000240113483539', '00100001040000000240', 25193),
('50609101800310103670500100001040000000241111594385', '00100001040000000241', 25194),
('50609101800310103670500100001040000000242124688774', '00100001040000000242', 25195),
('50609101800310103670500100001040000000243107237934', '00100001040000000243', 25196),
('50609101800310103670500100001040000000244193838099', '00100001040000000244', 25197),
('50609101800310103670500100001040000000245186370075', '00100001040000000245', 25198),
('50609101800310103670500100001040000000246173163327', '00100001040000000246', 25199),
('50609101800310103670500100001040000000247115099380', '00100001040000000247', 25200),
('50609101800310103670500100001040000000248177576325', '00100001040000000248', 25201),
('50609101800310103670500100001040000000249179246422', '00100001040000000249', 25202),
('50609101800310103670500100001040000000239184882771', '00100001040000000239', 25192),
('50606101800310103670500100001040000000094143070015', '00100001040000000094', 2540),
('50609101800310103670500100001040000000250190878736', '00100001040000000250', 353),
('50609101800310103670500100001040000000251179026974', '00100001040000000251', 354),
('50609101800310103670500100001040000000252102564000', '00100001040000000252', 355),
('50608101800310103670500100001040000000229135396097', '00100001040000000229', 25182),
('50607101800310103670500100001040000000179170339588', '00100001040000000179', 25131),
('50609101800310103670500100001040000000253130712014', '00100001040000000253', 358),
('50609101800310103670500100001040000000254134559461', '00100001040000000254', 359),
('50609101800310103670500100001040000000255183661559', '00100001040000000255', 3510),
('50609101800310103670500100001040000000256104459327', '00100001040000000256', 3511),
('50609101800310103670500100001040000000241111594385', '00100001040000000241', 25194),
('50608101800310103670500100001040000000225140457473', '00100001040000000225', 25178),
('50609101800310103670500100001040000000257191418984', '00100001040000000257', 3514),
('50609101800310103670500100001040000000258184584767', '00100001040000000258', 3515),
('50607101800310103670500100001040000000180151535139', '00100001040000000180', 25132),
('50609101800310103670500100001040000000259127742763', '00100001040000000259', 3517),
('50609101800310103670500100001040000000260113453556', '00100001040000000260', 3518),
('50609101800310103670500100001040000000261179846127', '00100001040000000261', 3519),
('50609101800310103670500100001040000000262157529865', '00100001040000000262', 3520),
('50607101800310103670500100001040000000170155982052', '00100001040000000170', 25122),
('50608101800310103670500100001040000000206191380930', '00100001040000000206', 25158),
('50609101800310103670500100001040000000263110877870', '00100001040000000263', 3523),
('50609101800310103670500100001040000000264137633817', '00100001040000000264', 3524),
('50610101800310103670500100001040000000265125811910', '00100001040000000265', 851),
('50610101800310103670500100001040000000266115142326', '00100001040000000266', 852),
('50610101800310103670500100001040000000267118483213', '00100001040000000267', 853),
('50610101800310103670500100001040000000268150492451', '00100001040000000268', 854),
('50610101800310103670500100001040000000269150828824', '00100001040000000269', 855),
('50605101800310103670500100001040000000067199437406', '00100001040000000067', 2511),
('50610101800310103670500100001040000000270119509895', '00100001040000000270', 857),
('50610101800310103670500100001040000000271140336825', '00100001040000000271', 858),
('50610101800310103670500100001040000000272172206627', '00100001040000000272', 859),
('50610101800310103670500100001040000000273178475687', '00100001040000000273', 8510),
('50610101800310103670500100001040000000274167355902', '00100001040000000274', 8511),
('50610101800310103670500100001040000000275183643186', '00100001040000000275', 8512),
('50608101800310103670500100001040000000225140457473', '00100001040000000225', 25178),
('50610101800310103670500100001040000000276178051567', '00100001040000000276', 8514),
('50610101800310103670500100001040000000277134969187', '00100001040000000277', 8515),
('50610101800310103670500100001040000000278113756818', '00100001040000000278', 8516),
('50610101800310103670500100001040000000279169866377', '00100001040000000279', 8517),
('50610101800310103670500100001040000000280119131661', '00100001040000000280', 8518),
('50610101800310103670500100001040000000281185496604', '00100001040000000281', 8519),
('50608101800310103670500100001040000000214113142819', '00100001040000000214', 25167),
('50610101800310103670500100001040000000282194030357', '00100001040000000282', 8521),
('50607101800310103670500100001040000000177166010620', '00100001040000000177', 25129),
('50607101800310103670500100001040000000157170042506', '00100001040000000157', 25109),
('50610101800310103670500100001040000000283132831799', '00100001040000000283', 8524),
('50610101800310103670500100001010000000013184692199', '00100001010000000013', 8525),
('50610101800310103670500100001040000000284164691377', '00100001040000000284', 8526),
('50610101800310103670500100001040000000285184710034', '00100001040000000285', 8527),
('50610101800310103670500100001040000000286101808625', '00100001040000000286', 8528),
('50610101800310103670500100001040000000287197288248', '00100001040000000287', 8529),
('50608101800310103670500100001040000000206191380930', '00100001040000000206', 25158),
('50608101800310103670500100001040000000229135396097', '00100001040000000229', 25182),
('50610101800310103670500100001040000000288109608581', '00100001040000000288', 8532),
('50607101800310103670500100001040000000184120174710', '00100001040000000184', 25136),
('50607101800310103670500100001040000000159184761044', '00100001040000000159', 25111),
('50611101800310103670500100001040000000289113660648', '00100001040000000289', 8535),
('50611101800310103670500100001040000000290109052449', '00100001040000000290', 8536),
('50611101800310103670500100001040000000291198777367', '00100001040000000291', 8537),
('50611101800310103670500100001040000000292188989770', '00100001040000000292', 8538),
('50611101800310103670500100001040000000293161248264', '00100001040000000293', 8539),
('50611101800310103670500100001040000000294150142333', '00100001040000000294', 8540),
('50611101800310103670500100001040000000295167463907', '00100001040000000295', 8541),
('50608101800310103670500100001040000000225140457473', '00100001040000000225', 25178),
('50611101800310103670500100001040000000296144507828', '00100001040000000296', 8543),
('50611101800310103670500100001040000000297142673999', '00100001040000000297', 8544),
('50611101800310103670500100001040000000298169864080', '00100001040000000298', 8545),
('50611101800310103670500100001040000000299126037304', '00100001040000000299', 8546),
('50611101800310103670500100001040000000300117578666', '00100001040000000300', 8547),
('50611101800310103670500100001040000000301101380346', '00100001040000000301', 8548),
('50611101800310103670500100001040000000302174869973', '00100001040000000302', 8549),
('50611101800310103670500100001040000000303140801059', '00100001040000000303', 8550),
('50608101800310103670500100001040000000225140457473', '00100001040000000225', 25178),
('50611101800310103670500100001040000000304199998264', '00100001040000000304', 811),
('50611101800310103670500100001040000000305117285480', '00100001040000000305', 812),
('50611101800310103670500100001040000000306169887144', '00100001040000000306', 813),
('50611101800310103670500100001040000000307138063344', '00100001040000000307', 814),
('50611101800310103670500100001040000000308160714426', '00100001040000000308', 815),
('50611101800310103670500100001040000000309114062787', '00100001040000000309', 816),
('50611101800310103670500100001010000000014151533197', '00100001010000000014', 817),
('50611101800310103670500100001040000000310178839538', '00100001040000000310', 818),
('50611101800310103670500100001040000000311157932284', '00100001040000000311', 819),
('50611101800310103670500100001040000000312109448398', '00100001040000000312', 8110),
('50611101800310103670500100001040000000313105295111', '00100001040000000313', 8111),
('50611101800310103670500100001040000000314184511436', '00100001040000000314', 8112),
('50611101800310103670500100001010000000015108538638', '00100001010000000015', 8552),
('50607101800310103670500100001040000000185176546641', '00100001040000000185', 25137),
('50606101800310103670500100001040000000150109411782', '00100001040000000150', 25102),
('50611101800310103670500100001040000000315176016151', '00100001040000000315', 8555),
('50611101800310103670500100001040000000316126532466', '00100001040000000316', 8556),
('50608101800310103670500100001040000000209102976216', '00100001040000000209', 25161),
('50608101800310103670500100001040000000225140457473', '00100001040000000225', 25178),
('50611101800310103670500100001040000000317195184565', '00100001040000000317', 8559),
('50611101800310103670500100001040000000318169338285', '00100001040000000318', 8560),
('50611101800310103670500100001040000000319173486786', '00100001040000000319', 8561),
('50611101800310103670500100001040000000320124604684', '00100001040000000320', 8562),
('50611101800310103670500100001040000000321155076040', '00100001040000000321', 8563),
('50611101800310103670500100001040000000322130218939', '00100001040000000322', 8564),
('50611101800310103670500100001040000000323188614418', '00100001040000000323', 8565),
('50608101800310103670500100001040000000209102976216', '00100001040000000209', 25161),
('50608101800310103670500100001040000000199158871394', '00100001040000000199', 25151),
('50608101800310103670500100001040000000205127316378', '00100001040000000205', 25157),
('50611101800310103670500100001040000000324133545489', '00100001040000000324', 8569),
('50612101800310103670500100001040000000325179208267', '00100001040000000325', 8570),
('50612101800310103670500100001040000000326143537071', '00100001040000000326', 8571),
('50608101800310103670500100001040000000217188349700', '00100001040000000217', 25170),
('50612101800310103670500100001040000000327194417948', '00100001040000000327', 8573),
('50612101800310103670500100001040000000328113510183', '00100001040000000328', 8574),
('50612101800310103670500100001040000000329110350236', '00100001040000000329', 8575),
('50609101800310103670500100001040000000241111594385', '00100001040000000241', 25194),
('50612101800310103670500100001040000000330126070043', '00100001040000000330', 8577),
('50608101800310103670500100001040000000225140457473', '00100001040000000225', 25178),
('50612101800310103670500100001040000000331165767749', '00100001040000000331', 8579),
('50608101800310103670500100001040000000225140457473', '00100001040000000225', 25178),
('50608101800310103670500100001040000000229135396097', '00100001040000000229', 25182),
('50612101800310103670500100001040000000332192497611', '00100001040000000332', 8582),
('50609101800310103670500100001040000000241111594385', '00100001040000000241', 25194),
('50612101800310103670500100001040000000333180719287', '00100001040000000333', 8584),
('50612101800310103670500100001040000000334119904023', '00100001040000000334', 8585),
('50612101800310103670500100001040000000335143220127', '00100001040000000335', 8586),
('50608101800310103670500100001040000000214113142819', '00100001040000000214', 25167),
('50612101800310103670500100001040000000336108736947', '00100001040000000336', 8588),
('50612101800310103670500100001040000000337158581718', '00100001040000000337', 8589),
('50607101800310103670500100001040000000169191544440', '00100001040000000169', 25121),
('50612101800310103670500100001040000000338196703460', '00100001040000000338', 8591),
('50612101800310103670500100001040000000339119220693', '00100001040000000339', 8592),
('50612101800310103670500100001040000000340120796567', '00100001040000000340', 8593),
('50612101800310103670500100001040000000341188408387', '00100001040000000341', 8594),
('50612101800310103670500100001040000000342105479708', '00100001040000000342', 8595),
('50612101800310103670500100001040000000343197839021', '00100001040000000343', 8596),
('50612101800310103670500100001040000000344162323927', '00100001040000000344', 8597),
('50612101800310103670500100001040000000345193594362', '00100001040000000345', 8598),
('50608101800310103670500100001040000000225140457473', '00100001040000000225', 25178),
('50612101800310103670500100001040000000346130929561', '00100001040000000346', 85100),
('50612101800310103670500100001040000000347127369533', '00100001040000000347', 85101),
('50612101800310103670500100001040000000348124021409', '00100001040000000348', 85102),
('50612101800310103670500100001040000000349100414689', '00100001040000000349', 85103),
('50612101800310103670500100001040000000350155735531', '00100001040000000350', 85104),
('50612101800310103670500100001040000000351149244623', '00100001040000000351', 85105),
('50612101800310103670500100001040000000352146598906', '00100001040000000352', 85106),
('50612101800310103670500100001040000000353115061065', '00100001040000000353', 85107),
('50612101800310103670500100001040000000354131540928', '00100001040000000354', 85108),
('50612101800310103670500100001040000000355117094235', '00100001040000000355', 85109),
('50612101800310103670500100001040000000356107072930', '00100001040000000356', 85110),
('50612101800310103670500100001040000000357169480001', '00100001040000000357', 85111),
('50612101800310103670500100001040000000358152226441', '00100001040000000358', 85112),
('50612101800310103670500100001040000000359150097363', '00100001040000000359', 85113),
('50612101800310103670500100001040000000360130333958', '00100001040000000360', 85114),
('50612101800310103670500100001040000000361137527182', '00100001040000000361', 85115),
('50612101800310103670500100001040000000362125922634', '00100001040000000362', 85116),
('50612101800310103670500100001040000000363192128076', '00100001040000000363', 85117),
('50612101800310103670500100001040000000364139525407', '00100001040000000364', 85118),
('50612101800310103670500100001040000000365152202431', '00100001040000000365', 85119),
('50612101800310103670500100001040000000366192984428', '00100001040000000366', 85120),
('50612101800310103670500100001040000000367177681424', '00100001040000000367', 85121),
('50612101800310103670500100001040000000368135635426', '00100001040000000368', 85122),
('50612101800310103670500100001040000000369104517630', '00100001040000000369', 85123),
('50612101800310103670500100001040000000370114624420', '00100001040000000370', 85124),
('50612101800310103670500100001040000000371198814986', '00100001040000000371', 85125),
('50612101800310103670500100001040000000372122060448', '00100001040000000372', 85126),
('50612101800310103670500100001040000000373150280872', '00100001040000000373', 85127),
('50612101800310103670500100001040000000374136575750', '00100001040000000374', 85128),
('50612101800310103670500100001040000000375177736208', '00100001040000000375', 85129),
('50613101800310103670500100001040000000376136999707', '00100001040000000376', 85130),
('50613101800310103670500100001040000000377111554081', '00100001040000000377', 85131),
('50613101800310103670500100001040000000378140010594', '00100001040000000378', 85132),
('50613101800310103670500100001040000000379135180376', '00100001040000000379', 85133),
('50613101800310103670500100001040000000380186097812', '00100001040000000380', 85134),
('50613101800310103670500100001040000000381147952901', '00100001040000000381', 85135),
('50613101800310103670500100001040000000382125604085', '00100001040000000382', 85136),
('50613101800310103670500100001040000000383185195816', '00100001040000000383', 85137),
('50613101800310103670500100001040000000384114330994', '00100001040000000384', 85138),
('50613101800310103670500100001040000000385102140107', '00100001040000000385', 85139),
('50613101800310103670500100001040000000386176011447', '00100001040000000386', 85140),
('50613101800310103670500100001040000000387119193775', '00100001040000000387', 85141),
('50613101800310103670500100001040000000388152811044', '00100001040000000388', 85142),
('50613101800310103670500100001040000000389175309358', '00100001040000000389', 85143),
('50613101800310103670500100001040000000390125735311', '00100001040000000390', 85144),
('50613101800310103670500100001040000000391116839041', '00100001040000000391', 85145),
('50613101800310103670500100001040000000392186223736', '00100001040000000392', 85146),
('50613101800310103670500100001040000000393184233140', '00100001040000000393', 85147),
('50613101800310103670500100001040000000394154321805', '00100001040000000394', 85148),
('50613101800310103670500100001040000000395179516752', '00100001040000000395', 85149),
('50613101800310103670500100001040000000396148242056', '00100001040000000396', 85150),
('50613101800310103670500100001040000000397199189175', '00100001040000000397', 85151),
('50613101800310103670500100001040000000398158345912', '00100001040000000398', 85152),
('50613101800310103670500100001040000000399196126428', '00100001040000000399', 85153),
('50613101800310103670500100001040000000400135284575', '00100001040000000400', 85154),
('50613101800310103670500100001040000000401191394490', '00100001040000000401', 85155),
('50613101800310103670500100001040000000402102443355', '00100001040000000402', 85156),
('50613101800310103670500100001040000000403164998799', '00100001040000000403', 85157),
('50613101800310103670500100001040000000404101832677', '00100001040000000404', 85158),
('50613101800310103670500100001040000000405152237943', '00100001040000000405', 85159),
('50613101800310103670500100001040000000406104528691', '00100001040000000406', 85160),
('50613101800310103670500100001040000000407170903771', '00100001040000000407', 85161),
('50613101800310103670500100001040000000408116947249', '00100001040000000408', 85162),
('50613101800310103670500100001040000000409183607996', '00100001040000000409', 85163),
('50613101800310103670500100001040000000410160118945', '00100001040000000410', 85164),
('50613101800310103670500100001040000000411148363102', '00100001040000000411', 85165),
('50613101800310103670500100001040000000412106404399', '00100001040000000412', 85166),
('50613101800310103670500100001040000000413171824784', '00100001040000000413', 85167),
('50613101800310103670500100001040000000414198701184', '00100001040000000414', 85168),
('50613101800310103670500100001040000000415182719270', '00100001040000000415', 85169),
('50613101800310103670500100001040000000416105300140', '00100001040000000416', 85170),
('50613101800310103670500100001040000000417173323185', '00100001040000000417', 85171),
('50613101800310103670500100001040000000418123888113', '00100001040000000418', 85172),
('50613101800310103670500100001040000000419160087764', '00100001040000000419', 85173),
('50613101800310103670500100001040000000420147850012', '00100001040000000420', 85174),
('50613101800310103670500100001040000000421175584709', '00100001040000000421', 85175),
('50613101800310103670500100001040000000422140775813', '00100001040000000422', 85176),
('50613101800310103670500100001010000000016120646458', '00100001010000000016', 85177),
('50613101800310103670500100001040000000423173969693', '00100001040000000423', 85178),
('50613101800310103670500100001040000000424119293540', '00100001040000000424', 85179),
('50613101800310103670500100001040000000425120745295', '00100001040000000425', 85180),
('50613101800310103670500100001040000000426138333853', '00100001040000000426', 85181),
('50613101800310103670500100001040000000427164137229', '00100001040000000427', 85182),
('50613101800310103670500100001040000000428125137441', '00100001040000000428', 85183),
('50613101800310103670500100001040000000429189534045', '00100001040000000429', 85184),
('50613101800310103670500100001040000000430131066032', '00100001040000000430', 85185),
('50613101800310103670500100001040000000431183460744', '00100001040000000431', 85186),
('50613101800310103670500100001040000000432108282482', '00100001040000000432', 85187),
('50613101800310103670500100001040000000433101862553', '00100001040000000433', 85188),
('50613101800310103670500100001040000000434165425706', '00100001040000000434', 85189),
('50613101800310103670500100001040000000435171110289', '00100001040000000435', 85190),
('50613101800310103670500100001040000000436115718962', '00100001040000000436', 85191),
('50613101800310103670500100001040000000437112560201', '00100001040000000437', 85192),
('50613101800310103670500100001040000000438199875059', '00100001040000000438', 85193),
('50613101800310103670500100001040000000439134083145', '00100001040000000439', 85194),
('50613101800310103670500100001040000000440127644308', '00100001040000000440', 85195),
('50613101800310103670500100001040000000441144912346', '00100001040000000441', 85196),
('50613101800310103670500100001040000000442117003911', '00100001040000000442', 85197),
('50613101800310103670500100001040000000443113149156', '00100001040000000443', 85198),
('50613101800310103670500100001040000000444195989761', '00100001040000000444', 85199),
('50613101800310103670500100001040000000445125382075', '00100001040000000445', 85200),
('50613101800310103670500100001040000000446163764109', '00100001040000000446', 85201),
('50613101800310103670500100001040000000447178512497', '00100001040000000447', 85202),
('50613101800310103670500100001040000000448181655225', '00100001040000000448', 85203),
('50613101800310103670500100001040000000449188956996', '00100001040000000449', 85204),
('50613101800310103670500100001040000000450157316007', '00100001040000000450', 85205),
('50613101800310103670500100001040000000451148601637', '00100001040000000451', 85206),
('50613101800310103670500100001040000000452128252303', '00100001040000000452', 85207),
('50613101800310103670500100001040000000453188395587', '00100001040000000453', 85208),
('50613101800310103670500100001040000000454166216076', '00100001040000000454', 85209),
('50613101800310103670500100001040000000455102369698', '00100001040000000455', 85210),
('50613101800310103670500100001040000000456116680484', '00100001040000000456', 85211),
('50613101800310103670500100001040000000457149458851', '00100001040000000457', 85212),
('50613101800310103670500100001040000000458173514676', '00100001040000000458', 85213),
('50613101800310103670500100001040000000459147052078', '00100001040000000459', 85214),
('50613101800310103670500100001040000000460106451740', '00100001040000000460', 85215),
('50613101800310103670500100001040000000461134249408', '00100001040000000461', 85216),
('50613101800310103670500100001040000000462174789462', '00100001040000000462', 85217),
('50613101800310103670500100001040000000463115110107', '00100001040000000463', 85218),
('50613101800310103670500100001040000000464199711126', '00100001040000000464', 85219),
('50613101800310103670500100001040000000465151114012', '00100001040000000465', 85220),
('50613101800310103670500100001040000000466138243158', '00100001040000000466', 85221),
('50614101800310103670500100001040000000467160532884', '00100001040000000467', 85222),
('50614101800310103670500100001040000000468101139458', '00100001040000000468', 85223),
('50614101800310103670500100001040000000469170552967', '00100001040000000469', 85224),
('50614101800310103670500100001040000000470126342100', '00100001040000000470', 85225),
('50614101800310103670500100001040000000471124051693', '00100001040000000471', 85226),
('50614101800310103670500100001040000000472106852080', '00100001040000000472', 85227),
('50614101800310103670500100001040000000473139157439', '00100001040000000473', 85228),
('50614101800310103670500100001040000000474122414822', '00100001040000000474', 85229),
('50614101800310103670500100001040000000475157688407', '00100001040000000475', 85230),
('50614101800310103670500100001040000000476154737607', '00100001040000000476', 85231),
('50614101800310103670500100001040000000477181292602', '00100001040000000477', 85232),
('50614101800310103670500100001040000000478125369419', '00100001040000000478', 85233),
('50614101800310103670500100001040000000479167278003', '00100001040000000479', 85234),
('50614101800310103670500100001040000000480120509945', '00100001040000000480', 85235),
('50614101800310103670500100001040000000481132582525', '00100001040000000481', 85236),
('50614101800310103670500100001040000000482101433223', '00100001040000000482', 85237),
('50614101800310103670500100001010000000017123625504', '00100001010000000017', 85238),
('50614101800310103670500100001040000000483175917983', '00100001040000000483', 85239),
('50614101800310103670500100001040000000484152106772', '00100001040000000484', 85240),
('50614101800310103670500100001040000000485119969380', '00100001040000000485', 85241),
('50614101800310103670500100001040000000486119103874', '00100001040000000486', 85242),
('50614101800310103670500100001040000000487112764051', '00100001040000000487', 85243),
('50614101800310103670500100001040000000488111357098', '00100001040000000488', 85244),
('50614101800310103670500100001040000000489147146343', '00100001040000000489', 85245),
('50614101800310103670500100001040000000490133031240', '00100001040000000490', 85246),
('50614101800310103670500100001040000000491149723792', '00100001040000000491', 85247),
('50614101800310103670500100001040000000492114548819', '00100001040000000492', 85248),
('50614101800310103670500100001040000000493163085515', '00100001040000000493', 85249),
('50614101800310103670500100001040000000494145545760', '00100001040000000494', 85250),
('50614101800310103670500100001040000000495103401019', '00100001040000000495', 85251),
('50614101800310103670500100001040000000496175741165', '00100001040000000496', 85252),
('50614101800310103670500100001040000000497180795130', '00100001040000000497', 85253),
('50614101800310103670500100001040000000498103845797', '00100001040000000498', 85254),
('50614101800310103670500100001040000000499197488114', '00100001040000000499', 85255),
('50614101800310103670500100001040000000500140005739', '00100001040000000500', 85256),
('50614101800310103670500100001040000000501126034468', '00100001040000000501', 85257),
('50614101800310103670500100001040000000502164881286', '00100001040000000502', 85258),
('50614101800310103670500100001040000000503110662820', '00100001040000000503', 85259),
('50614101800310103670500100001040000000504105548066', '00100001040000000504', 85260),
('50614101800310103670500100001040000000505141086489', '00100001040000000505', 85261),
('50614101800310103670500100001040000000506101889592', '00100001040000000506', 85262),
('50614101800310103670500100001040000000507111749805', '00100001040000000507', 85263),
('50615101800310103670500100001040000000508164697567', '00100001040000000508', 85264),
('50615101800310103670500100001040000000509175795910', '00100001040000000509', 85265),
('50615101800310103670500100001040000000510181867494', '00100001040000000510', 85266),
('50615101800310103670500100001040000000511133015695', '00100001040000000511', 85267),
('50615101800310103670500100001040000000512163466685', '00100001040000000512', 85268),
('50615101800310103670500100001040000000513169450080', '00100001040000000513', 85269),
('50615101800310103670500100001040000000514107990713', '00100001040000000514', 85270),
('50615101800310103670500100001040000000515194310111', '00100001040000000515', 85271),
('50615101800310103670500100001040000000516166249419', '00100001040000000516', 85272),
('50615101800310103670500100001040000000517167612684', '00100001040000000517', 85273),
('50615101800310103670500100001040000000518187558323', '00100001040000000518', 85274),
('50613101800310103670500100001040000000397199189175', '00100001040000000397', 85151),
('50613101800310103670500100001040000000460106451740', '00100001040000000460', 85215),
('50615101800310103670500100001040000000519166651951', '00100001040000000519', 25505),
('50615101800310103670500100001040000000520131687075', '00100001040000000520', 25506),
('50615101800310103670500100001040000000521144349669', '00100001040000000521', 25507),
('50615101800310103670500100001040000000522199882032', '00100001040000000522', 25508),
('50615101800310103670500100001040000000523124379713', '00100001040000000523', 25509),
('50614101800310103670500100001040000000482101433223', '00100001040000000482', 85237),
('50612101800310103670500100001040000000363192128076', '00100001040000000363', 85117),
('50614101800310103670500100001040000000470126342100', '00100001040000000470', 85225),
('50615101800310103670500100001040000000510181867494', '00100001040000000510', 85266),
('50613101800310103670500100001040000000432108282482', '00100001040000000432', 85187),
('50615101800310103670500100001040000000524193028539', '00100001040000000524', 25515),
('50615101800310103670500100001040000000525114672513', '00100001040000000525', 25516),
('50615101800310103670500100001040000000526121216093', '00100001040000000526', 25517),
('50613101800310103670500100001040000000458173514676', '00100001040000000458', 85213),
('50615101800310103670500100001040000000527129964027', '00100001040000000527', 25519),
('50615101800310103670500100001040000000528181231727', '00100001040000000528', 25520),
('50615101800310103670500100001040000000529133531727', '00100001040000000529', 25521),
('50615101800310103670500100001040000000530166561644', '00100001040000000530', 25522),
('50615101800310103670500100001040000000531186386096', '00100001040000000531', 25523),
('50615101800310103670500100001040000000510181867494', '00100001040000000510', 85266),
('50615101800310103670500100001040000000532129547347', '00100001040000000532', 25525),
('50613101800310103670500100001040000000464199711126', '00100001040000000464', 85219),
('50615101800310103670500100001040000000533133439311', '00100001040000000533', 25527),
('50615101800310103670500100001040000000515194310111', '00100001040000000515', 85271),
('50615101800310103670500100001040000000534195879388', '00100001040000000534', 25529),
('50616101800310103670500100001040000000535150565825', '00100001040000000535', 25530),
('50616101800310103670500100001040000000536168294737', '00100001040000000536', 25531),
('50616101800310103670500100001040000000537190594595', '00100001040000000537', 25532),
('50616101800310103670500100001040000000538119254870', '00100001040000000538', 25533),
('50616101800310103670500100001040000000539111612138', '00100001040000000539', 25534),
('50616101800310103670500100001040000000540177299297', '00100001040000000540', 25535),
('50615101800310103670500100001040000000510181867494', '00100001040000000510', 85266),
('50613101800310103670500100001040000000403164998799', '00100001040000000403', 85157),
('50613101800310103670500100001040000000393184233140', '00100001040000000393', 85147),
('50615101800310103670500100001040000000510181867494', '00100001040000000510', 85266),
('50615101800310103670500100001040000000515194310111', '00100001040000000515', 85271),
('50616101800310103670500100001040000000541159779636', '00100001040000000541', 25541),
('50613101800310103670500100001040000000431183460744', '00100001040000000431', 85186),
('50616101800310103670500100001040000000542131463482', '00100001040000000542', 25543),
('50616101800310103670500100001040000000543172743593', '00100001040000000543', 25544),
('50615101800310103670500100001040000000515194310111', '00100001040000000515', 85271),
('50616101800310103670500100001040000000544194135472', '00100001040000000544', 25546),
('50616101800310103670500100001040000000545125247178', '00100001040000000545', 25547),
('50616101800310103670500100001040000000546157620476', '00100001040000000546', 25548),
('50616101800310103670500100001040000000547170341456', '00100001040000000547', 25549),
('50614101800310103670500100001040000000502164881286', '00100001040000000502', 85258),
('50616101800310103670500100001040000000548164138167', '00100001040000000548', 25551),
('50613101800310103670500100001040000000377111554081', '00100001040000000377', 85131),
('50615101800310103670500100001040000000515194310111', '00100001040000000515', 85271),
('50613101800310103670500100001040000000385102140107', '00100001040000000385', 85139),
('50616101800310103670500100001040000000549139729971', '00100001040000000549', 25555),
('50616101800310103670500100001040000000550115873052', '00100001040000000550', 25556),
('50616101800310103670500100001040000000551130309355', '00100001040000000551', 25557),
('50616101800310103670500100001040000000552110434916', '00100001040000000552', 25558),
('50615101800310103670500100001040000000510181867494', '00100001040000000510', 85266),
('50616101800310103670500100001040000000553192914475', '00100001040000000553', 25560),
('50614101800310103670500100001040000000501126034468', '00100001040000000501', 85257),
('50616101800310103670500100001040000000554155480057', '00100001040000000554', 25562),
('50616101800310103670500100001040000000555147793861', '00100001040000000555', 25563),
('50616101800310103670500100001040000000556175075857', '00100001040000000556', 25564),
('50615101800310103670500100001040000000510181867494', '00100001040000000510', 85266),
('50616101800310103670500100001040000000557145461799', '00100001040000000557', 25566),
('50616101800310103670500100001040000000558109128312', '00100001040000000558', 25567),
('50616101800310103670500100001010000000018106167514', '00100001010000000018', 25568);
INSERT INTO `hacienda` (`Clave`, `Consecutivo`, `Comprobante`) VALUES
('50616101800310103670500100001040000000559132388642', '00100001040000000559', 25569),
('50616101800310103670500100001040000000560134023863', '00100001040000000560', 25570),
('50616101800310103670500100001040000000561153772018', '00100001040000000561', 25571),
('50613101800310103670500100001040000000409183607996', '00100001040000000409', 85163),
('50615101800310103670500100001040000000510181867494', '00100001040000000510', 85266),
('50616101800310103670500100001040000000562109198642', '00100001040000000562', 25574),
('50616101800310103670500100001010000000019168522569', '00100001010000000019', 25575),
('50616101800310103670500100001040000000563185079696', '00100001040000000563', 25576),
('50617101800310103670500100001040000000564115922542', '00100001040000000564', 25577),
('50617101800310103670500100001040000000565170728213', '00100001040000000565', 25578),
('50617101800310103670500100001040000000566172170658', '00100001040000000566', 25579),
('50617101800310103670500100001040000000567137654660', '00100001040000000567', 25580),
('50613101800310103670500100001040000000382125604085', '00100001040000000382', 85136),
('50614101800310103670500100001040000000502164881286', '00100001040000000502', 85258),
('50617101800310103670500100001040000000568162124808', '00100001040000000568', 25583),
('50615101800310103670500100001040000000518187558323', '00100001040000000518', 85274),
('50613101800310103670500100001040000000403164998799', '00100001040000000403', 85157),
('50617101800310103670500100001010000000020180451915', '00100001010000000020', 25586),
('50617101800310103670500100001040000000569112671660', '00100001040000000569', 25587),
('50617101800310103670500100001040000000570127227903', '00100001040000000570', 25588),
('50615101800310103670500100001040000000510181867494', '00100001040000000510', 85266),
('50617101800310103670500100001040000000571167243385', '00100001040000000571', 25590),
('50617101800310103670500100001040000000572106587481', '00100001040000000572', 25591),
('50617101800310103670500100001040000000573120475895', '00100001040000000573', 25592),
('50617101800310103670500100001040000000574153452480', '00100001040000000574', 25593),
('50617101800310103670500100001040000000575152917185', '00100001040000000575', 25594),
('50617101800310103670500100001040000000576164486628', '00100001040000000576', 25595),
('50617101800310103670500100001040000000577137661706', '00100001040000000577', 25596),
('50617101800310103670500100001040000000578160031271', '00100001040000000578', 25597),
('50614101800310103670500100001040000000501126034468', '00100001040000000501', 85257),
('50617101800310103670500100001040000000579113018913', '00100001040000000579', 25599),
('50617101800310103670500100001040000000580158665716', '00100001040000000580', 25600),
('50615101800310103670500100001040000000510181867494', '00100001040000000510', 85266),
('50617101800310103670500100001040000000581174868807', '00100001040000000581', 25602),
('50617101800310103670500100001040000000582139680577', '00100001040000000582', 25603),
('50617101800310103670500100001040000000583116723722', '00100001040000000583', 25604),
('50617101800310103670500100001040000000584126675033', '00100001040000000584', 25605),
('50617101800310103670500100001040000000585152943873', '00100001040000000585', 25606),
('50617101800310103670500100001040000000586171336992', '00100001040000000586', 25607),
('50614101800310103670500100001040000000502164881286', '00100001040000000502', 85258),
('50617101800310103670500100001040000000587119196560', '00100001040000000587', 25609),
('50617101800310103670500100001040000000588119139675', '00100001040000000588', 25610),
('50617101800310103670500100001040000000589184754622', '00100001040000000589', 25611),
('50613101800310103670500100001040000000465151114012', '00100001040000000465', 85220),
('50617101800310103670500100001040000000590105007414', '00100001040000000590', 25613),
('50617101800310103670500100001040000000591120913314', '00100001040000000591', 25614),
('50617101800310103670500100001040000000592115085735', '00100001040000000592', 25615),
('50617101800310103670500100001040000000593111775473', '00100001040000000593', 25616),
('50613101800310103670500100001040000000451148601637', '00100001040000000451', 85206),
('50617101800310103670500100001040000000594185454559', '00100001040000000594', 25618),
('50617101800310103670500100001040000000595142874841', '00100001040000000595', 25619),
('50617101800310103670500100001040000000596118747782', '00100001040000000596', 25620),
('50615101800310103670500100001040000000518187558323', '00100001040000000518', 85274),
('50617101800310103670500100001040000000597131286848', '00100001040000000597', 25622),
('50617101800310103670500100001040000000598151445906', '00100001040000000598', 25623),
('50617101800310103670500100001040000000599118889454', '00100001040000000599', 25624),
('50617101800310103670500100001040000000600183148688', '00100001040000000600', 25625),
('50617101800310103670500100001040000000601143684446', '00100001040000000601', 25626),
('50617101800310103670500100001040000000602176699878', '00100001040000000602', 25627),
('50617101800310103670500100001040000000603157240721', '00100001040000000603', 25628),
('50617101800310103670500100001040000000604110935679', '00100001040000000604', 25629),
('50614101800310103670500100001040000000507111749805', '00100001040000000507', 85263),
('50618101800310103670500100001040000000605189292464', '00100001040000000605', 25631),
('50618101800310103670500100001040000000606142426184', '00100001040000000606', 25632),
('50618101800310103670500100001040000000607184122708', '00100001040000000607', 25633),
('50618101800310103670500100001040000000608177704686', '00100001040000000608', 25634),
('50618101800310103670500100001040000000609102596632', '00100001040000000609', 25635),
('50618101800310103670500100001040000000610159821443', '00100001040000000610', 25636),
('50618101800310103670500100001040000000611105100706', '00100001040000000611', 25637),
('50618101800310103670500100001040000000612159430514', '00100001040000000612', 25638),
('50618101800310103670500100001040000000613195010663', '00100001040000000613', 25639),
('50618101800310103670500100001040000000614148127034', '00100001040000000614', 25640),
('50618101800310103670500100001040000000615154144857', '00100001040000000615', 25641),
('50618101800310103670500100001040000000616123623523', '00100001040000000616', 25642),
('50618101800310103670500100001040000000617172787021', '00100001040000000617', 25643),
('50618101800310103670500100001040000000618122423478', '00100001040000000618', 25644),
('50618101800310103670500100001040000000619127738291', '00100001040000000619', 25645),
('50618101800310103670500100001040000000620172450958', '00100001040000000620', 25646),
('50618101800310103670500100001010000000021164208865', '00100001010000000021', 25647),
('50618101800310103670500100001010000000022103600977', '00100001010000000022', 25648),
('50618101800310103670500100001040000000621128855034', '00100001040000000621', 25649),
('50618101800310103670500100001040000000622151132001', '00100001040000000622', 25650),
('50622101800310267146900100001010000000905139607567', '00100001010000000905', 317),
('50622101800310267146900100001040000000387195086522', '00100001040000000387', 318),
('50622101800310156078700100001040000000002129917967', '00100001040000000002', 319),
('50624101800310267146900300001040000000388164975598', '00300001040000000388', 811),
('50612111800310267146900100001010000001342136763432', '00100001010000001342', 211),
('50612111800310267146900100001010000001343174568642', '00100001010000001343', 212),
('50615111800310267146900100001040000000400184001084', '00100001040000000400', 213),
('50630111800310267146900100001010000001397160796483', '00100001010000001397', 214),
('50630111800310267146900100001010000001398112998012', '00100001010000001398', 215),
('50603121800310267146900100001010000001424153442321', '00100001010000001424', 211),
('50603121800310267146900100001010000001425114002253', '00100001010000001425', 0),
('50603121800310267146900100001010000001424153442321', '00100001010000001424', 211),
('50603121800310267146900100001010000001427116450229', '00100001010000001427', 212),
('50603121800310267146900100001010000001428129938063', '00100001010000001428', 213),
('50630111800310267146900100001010000001397160796483', '00100001010000001397', 214),
('50630111800310267146900100001010000001398112998012', '00100001010000001398', 215),
('50603121800310267146900100001010000001429123755718', '00100001010000001429', 216),
('50603121800310267146900100001010000001430114930513', '00100001010000001430', 217),
('50603121800310267146900100001010000001431105129585', '00100001010000001431', 218),
('50603121800310267146900100001010000001432169853712', '00100001010000001432', 219),
('50603121800310267146900100001010000001433150536947', '00100001010000001433', 2110),
('50603121800310267146900100001010000001434119195299', '00100001010000001434', 2111),
('50603121800310267146900100001010000001435182538248', '00100001010000001435', 2112),
('50603121800310267146900100001010000001436156429254', '00100001010000001436', 2113),
('50603121800310267146900100001010000001437103576587', '00100001010000001437', 2114),
('50603121800310267146900100001010000001438112491507', '00100001010000001438', 2115),
('50603121800310267146900100001010000001439193282459', '00100001010000001439', 2116),
('50603121800310267146900100001010000001440157841297', '00100001010000001440', 2117),
('50603121800310267146900100001010000001441135578655', '00100001010000001441', 2118),
('50604121800310267146900100001010000001451159570520', '00100001010000001451', 2119),
('50604121800310267146900100001010000001452179463414', '00100001010000001452', 2120),
('50607121800310267146900100001040000000923114406345', '00100001040000000923', 2121),
('50607121800310267146900100001040000000925183502329', '00100001040000000925', 2122),
('50607121800310267146900100001010000001498108931023', '00100001010000001498', 2123),
('50607121800310267146900100001010000001499131118351', '00100001010000001499', 2124),
('50607121800310267146900100001040000000926115865173', '00100001040000000926', 2125),
('50612121800310267146900100001040000000938192705760', '00100001040000000938', 111),
('50612121800310267146900100001040000000939196840771', '00100001040000000939', 112),
('50612121800310267146900100001040000000940148775912', '00100001040000000940', 113),
('50612121800310267146900100001040000000941130427319', '00100001040000000941', 114),
('50612121800310267146900100001040000000942184548007', '00100001040000000942', 115),
('50612121800310267146900100001010000001705156180749', '00100001010000001705', 116),
('50612121800310267146900100001010000001706132744759', '00100001010000001706', 117),
('50613121800310267146900100001040000000945134360179', '00100001040000000945', 118),
('50614121800310267146900100001040000000946181660756', '00100001040000000946', 119),
('50618121800310267146900100001010000001779104508170', '00100001010000001779', 1110),
('50618121800310267146900100001010000001780145815939', '00100001010000001780', 1111),
('50618121800310267146900100001040000000965147340512', '00100001040000000965', 1112),
('50618121800310267146900100001010000001781143666670', '00100001010000001781', 1113),
('50619121800310267146900100001010000001784160412585', '00100001010000001784', 1114),
('50620121800310267146900100001010000001786143718319', '00100001010000001786', 1115),
('50620121800310267146900100001010000001787113269482', '00100001010000001787', 1116),
('50620121800310267146900100001010000001788151014783', '00100001010000001788', 1117),
('50620121800310267146900100001010000001789135945774', '00100001010000001789', 1118),
('50620121800310267146900100001010000001790165349165', '00100001010000001790', 1119),
('50620121800310267146900100001010000001791138987173', '00100001010000001791', 1120),
('50620121800310267146900100001010000001792153501002', '00100001010000001792', 1121),
('50620121800310267146900100001040000000966182369679', '00100001040000000966', 1122),
('50620121800310267146900100001010000001793114682768', '00100001010000001793', 1123),
('50620121800310267146900100001010000001794133656144', '00100001010000001794', 1124),
('50620121800310267146900100001010000001796190012625', '00100001010000001796', 1125),
('50620121800310267146900100001010000001797184813333', '00100001010000001797', 1126),
('50620121800310267146900100001010000001798127503473', '00100001010000001798', 1127),
('50620121800310267146900100001010000001799198823828', '00100001010000001799', 1128),
('50620121800310267146900100001040000000970118617472', '00100001040000000970', 1129),
('50620121800310267146900100001040000000971176286028', '00100001040000000971', 1130),
('50620121800310267146900100001010000001804107162363', '00100001010000001804', 1131),
('50620121800310267146900100001040000000973118375371', '00100001040000000973', 1132),
('50630111800310267146900100001010000001398112998012', '00300001040000000388', 0),
('50630111800310267146900100001010000001398112998012', '00300001040000000389', 0),
('50630111800310267146900100001010000001398112998012', '00300001040000000390', 0),
('50630111800310267146900100001010000001398112998012', '00300001040000000390', 0),
('50630111800310267146900100001010000001398112998012', '00300001040000000390', 0),
('50630111800310267146900100001010000001398112998012', '00300001040000000390', 0),
('50630111800310267146900100001010000001398112998012', '00300001040000000390', 0),
('50612041900011494038900100001010000000038150258472', '00100001010000000038', 1133),
('50630111800310267146900100001010000001398112998012', '00300001040000000390', 0),
('50630111800310267146900100001010000001398112998012', '00300001040000000391', 0),
('50630111800310267146900100001010000001398112998012', '00300001040000000392', 0),
('50630111800310267146900100001010000001398112998012', '00300001040000000392', 0);

-- --------------------------------------------------------

--
-- Estructura de tabla para la tabla `items`
--

CREATE TABLE `items` (
  `Barcode` varchar(200) NOT NULL,
  `Descripcion` varchar(200) NOT NULL,
  `Impuesto` varchar(200) NOT NULL
) ENGINE=InnoDB DEFAULT CHARSET=latin1;

--
-- Volcado de datos para la tabla `items`
--

INSERT INTO `items` (`Barcode`, `Descripcion`, `Impuesto`) VALUES
('1', 'gravados', 'Impuesto'),
('10', 'camisetas', 'Impuesto'),
('11', 'running', 'Impuesto'),
('12', 'skate', 'Impuesto'),
('13', 'football', 'Impuesto'),
('14', 'zapato de hombre', 'Impuesto'),
('15', 'burros', 'Impuesto'),
('16', 'sandalias altas ', 'Impuesto'),
('17', 'sandalias bajas', 'Impuesto'),
('18', 'zapato de mujer', 'Impuesto'),
('19', 'ropa deportiva', 'Impuesto'),
('2', 'exentos', 'Non'),
('20', 'camisas', 'Impuesto'),
('21', 'tennis de dama', 'Impuesto'),
('3', 'accesorios', 'Impuesto'),
('4', 'ropa interior', 'Impuesto'),
('5', 'short de hombre', 'Impuesto'),
('6', 'short de dama', 'Impuesto'),
('7', 'pantalon de hombre', 'Impuesto'),
('8', 'pantalon de dama', 'Impuesto'),
('9', 'blusas', 'Impuesto');

-- --------------------------------------------------------

--
-- Estructura de tabla para la tabla `metodo`
--

CREATE TABLE `metodo` (
  `Metodo` varchar(10) NOT NULL
) ENGINE=InnoDB DEFAULT CHARSET=latin1;

--
-- Volcado de datos para la tabla `metodo`
--

INSERT INTO `metodo` (`Metodo`) VALUES
('P');

-- --------------------------------------------------------

--
-- Estructura de tabla para la tabla `notascredito`
--

CREATE TABLE `notascredito` (
  `Id` int(111) NOT NULL,
  `Cliente` bigint(100) NOT NULL,
  `Monto` double(10,2) NOT NULL,
  `Detalle` varchar(250) NOT NULL,
  `Descuento` int(10) NOT NULL
) ENGINE=InnoDB DEFAULT CHARSET=latin1;

-- --------------------------------------------------------

--
-- Estructura de tabla para la tabla `registro`
--

CREATE TABLE `registro` (
  `Codigo` int(11) NOT NULL,
  `Nombre` varchar(200) NOT NULL,
  `Contrasena` varchar(200) NOT NULL,
  `Admin` int(11) NOT NULL
) ENGINE=InnoDB DEFAULT CHARSET=latin1;

--
-- Volcado de datos para la tabla `registro`
--

INSERT INTO `registro` (`Codigo`, `Nombre`, `Contrasena`, `Admin`) VALUES
(1, 'admin', 'MQAyADMA', 1),
(2, 'Administrador', 'QwBsAGEAdgBlADIAMgA2ADgA', 1),
(5, 'ANDREA', 'MQAyADMA', 0);

-- --------------------------------------------------------

--
-- Estructura de tabla para la tabla `saldos`
--

CREATE TABLE `saldos` (
  `NumFactura` int(111) NOT NULL,
  `CodigoCliente` varchar(200) NOT NULL,
  `Saldo` double NOT NULL,
  `Inicial` double DEFAULT NULL,
  `CodigoCajero` varchar(30) NOT NULL,
  `Fecha` datetime NOT NULL,
  `NumerodeComprobante` varchar(200) NOT NULL,
  `CodigoVendedor` int(111) NOT NULL
) ENGINE=InnoDB DEFAULT CHARSET=utf8;

--
-- Volcado de datos para la tabla `saldos`
--

INSERT INTO `saldos` (`NumFactura`, `CodigoCliente`, `Saldo`, `Inicial`, `CodigoCajero`, `Fecha`, `NumerodeComprobante`, `CodigoVendedor`) VALUES
(118, '0', 181000, 5000, '1', '2018-12-13 20:55:39', '0', 1),
(119, '0', 0, 4000, '1', '2018-12-14 10:03:36', '0', 1),
(1115, '106570577', 5000, 5000, '1', '2018-12-20 09:58:06', '0', 1),
(1116, '108240328', 500, 3500, '1', '2018-12-20 09:58:50', '0', 1),
(1125, '106570577', 5000, 5000, '1', '2018-12-20 15:19:17', '1324', 1),
(1127, '106570577', 4000, 4000, '1', '2018-12-20 15:24:07', '0', 1),
(1128, '108240328', 3244, 3244, '1', '2018-12-20 15:25:01', '1111', 1),
(1129, '0', 3500, 3500, '1', '2018-12-20 15:25:32', '0', 1),
(1130, '0', 2435, 2435, '1', '2018-12-20 15:26:08', '3535', 1),
(1131, '106570577', 3000, 3000, '1', '2018-12-20 16:29:53', '2344', 1),
(1132, '0', 2343525, 2343525, '1', '2018-12-20 16:30:40', '0', 1),
(1133, '112720507', 0, 1000, '1', '2019-04-12 14:15:19', '0', 1),
(25568, '116130510', 10490, 15490, '5', '2018-10-16 14:34:45', '0', 4),
(25575, '112040180', 3989.99, 5989.99, '5', '2018-10-16 15:39:21', '0', 3),
(25586, '108240328', 8990, 15990, '5', '2018-10-16 17:33:04', '0', 1),
(25647, '111560625', 24580, 44580, '5', '2018-10-18 10:44:47', '0', 2),
(25648, '111560625', 5990, 15990, '5', '2018-10-18 10:46:46', '0', 2);

-- --------------------------------------------------------

--
-- Estructura de tabla para la tabla `sales`
--

CREATE TABLE `sales` (
  `Numero` int(111) NOT NULL,
  `Fecha` datetime NOT NULL,
  `Cliente` bigint(100) NOT NULL,
  `Total` double(20,8) NOT NULL,
  `CodigoCajero` varchar(30) NOT NULL,
  `TipoPago` varchar(40) NOT NULL,
  `NumerodeComprobante` varchar(50) NOT NULL,
  `CodigoVendedor` int(111) NOT NULL
) ENGINE=InnoDB DEFAULT CHARSET=latin1;

--
-- Volcado de datos para la tabla `sales`
--

INSERT INTO `sales` (`Numero`, `Fecha`, `Cliente`, `Total`, `CodigoCajero`, `TipoPago`, `NumerodeComprobante`, `CodigoVendedor`) VALUES
(111, '2018-11-21 12:08:51', 0, 3000.00000000, '1', 'Efectivo', '0', 1),
(112, '2018-12-18 14:58:11', 0, 3242.00000000, '1', 'Efectivo', '0', 1),
(113, '2018-12-18 15:04:58', 0, 2344.00000000, '1', 'Efectivo', '0', 1),
(114, '2018-12-20 11:01:42', 0, 4000.00000000, '1', 'Efectivo', '0', 1),
(115, '2018-12-20 11:15:09', 0, 231423454.00000000, '1', 'Efectivo', '0', 1),
(312, '2018-11-29 08:34:43', 0, 11399.99000000, '1', 'Efectivo', '0', 1),
(3113, '2018-11-30 11:52:41', 0, 3485.00000000, '1', 'Efectivo', '0', 1),
(3114, '2018-12-12 14:30:12', 0, 10000.00000000, '1', 'Efectivo', '0', 1),
(3115, '2018-12-12 16:23:27', 0, 4358.00000000, '1', 'Efectivo', '0', 1),
(3116, '2018-12-12 16:23:44', 0, 4000.00000000, '1', 'Efectivo', '0', 1),
(3117, '2019-04-11 09:02:51', 0, 200.00000000, '1', 'Efectivo', '0', 1),
(3118, '2019-04-11 09:03:10', 0, 200.00000000, '1', 'Efectivo', '0', 1),
(3119, '2019-04-11 09:06:27', 0, 1000.00000000, '1', 'Efectivo', '0', 1),
(3120, '2019-04-11 09:16:42', 0, 100.00000000, '1', 'Efectivo', '0', 1),
(3121, '2019-04-11 09:31:15', 0, 1000.00000000, '1', 'Efectivo', '0', 1),
(3122, '2019-04-11 09:35:35', 0, 1000.00000000, '1', 'Efectivo', '0', 1),
(3123, '2019-04-11 09:39:22', 0, 1000.00000000, '1', 'Efectivo', '0', 1),
(3124, '2019-04-11 09:42:10', 0, 1000.00000000, '1', 'Efectivo', '0', 1),
(3125, '2019-04-11 09:48:46', 0, 1000.00000000, '1', 'Efectivo', '0', 1),
(3126, '2019-04-11 09:49:48', 0, 1000.00000000, '1', 'Efectivo', '0', 1),
(3127, '2019-04-11 09:50:20', 0, 1000.00000000, '1', 'Efectivo', '0', 1),
(3128, '2019-04-11 09:50:42', 0, 1000.00000000, '1', 'Efectivo', '0', 1),
(3129, '2019-04-11 10:06:01', 0, 100.00000000, '1', 'Efectivo', '0', 1),
(3130, '2019-04-11 10:06:21', 0, 1000.00000000, '1', 'Efectivo', '0', 1),
(3131, '2019-04-11 10:06:40', 0, 1000.00000000, '1', 'Efectivo', '0', 1),
(3132, '2019-04-11 10:19:42', 0, 1000.00000000, '1', 'Efectivo', '0', 1),
(3133, '2019-04-11 10:20:11', 0, 1000.00000000, '1', 'Efectivo', '0', 1),
(3134, '2019-04-11 10:20:37', 0, 1000.00000000, '1', 'Efectivo', '0', 1),
(3135, '2019-04-11 10:24:43', 0, 1001.00000000, '1', 'Efectivo', '0', 1),
(3136, '2019-04-11 10:50:30', 0, 1000.00000000, '1', 'Efectivo', '0', 1),
(3137, '2019-04-11 10:51:10', 0, 1000.00000000, '1', 'Efectivo', '0', 1),
(3138, '2019-04-11 10:51:32', 0, 200.00000000, '1', 'Efectivo', '0', 1),
(3139, '2019-04-11 10:54:21', 0, 1000.00000000, '1', 'Efectivo', '0', 1),
(3140, '2019-04-11 10:57:06', 0, 1000.00000000, '1', 'Efectivo', '0', 1),
(3141, '2019-04-11 10:58:43', 0, 1000.00000000, '1', 'Efectivo', '0', 1),
(3142, '2019-04-11 10:59:30', 0, 1000.00000000, '1', 'Efectivo', '0', 1),
(3143, '2019-04-23 13:59:58', 0, 1000.00000000, '1', 'Efectivo', '0', 1),
(3144, '2019-04-23 14:02:24', 0, 1000.00000000, '1', 'Efectivo', '0', 1);

-- --------------------------------------------------------

--
-- Estructura de tabla para la tabla `vendedores`
--

CREATE TABLE `vendedores` (
  `Codigo` int(111) NOT NULL,
  `Nombre` varchar(200) NOT NULL,
  `Telefono` varchar(200) NOT NULL,
  `Correo` varchar(200) NOT NULL,
  `Direccion` varchar(250) NOT NULL
) ENGINE=InnoDB DEFAULT CHARSET=latin1;

--
-- Volcado de datos para la tabla `vendedores`
--

INSERT INTO `vendedores` (`Codigo`, `Nombre`, `Telefono`, `Correo`, `Direccion`) VALUES
(1, 'ANDREA GODINEZ', '27711250', 'ASD@ASD.COM', 'PZ'),
(2, 'ANDREA GODINEZ', '27711250', 'TIENDALATINOS@GMAIL.COM', 'PZ'),
(3, 'NATALIA VALVERDE', '27711250', 'TIENDALATINOS@GMAIL.COM', 'PZ'),
(4, 'INGRID QUESADA', '27711250', 'TIENDALATINOS@GMAIL.COM', 'PZ'),
(5, 'CAROLINA LEIVA', '27711250', 'TIENDALATINOS@GMAIL.COM', 'PZ'),
(6, 'ANDREA ZUÑIGA', '27711250', 'TIENDALATINOS@GMAIL.COM', 'PZ'),
(7, 'GRETHEL UREÑA', '27711250', 'TIENDALATINOS@GMAIL.COM', 'PZ'),
(8, 'CECIA FONCECA', '27711250', 'TIENDALATINO@GMAIL.COM', 'PZ'),
(9, 'PAMELA CORDERO', '27711250', 'TIENDALATINOS@GMAIL.COM', 'PZ'),
(10, 'ABONOS', '27711250', 'TIENDALATINOS@GMAIL.COM', 'PZ'),
(11, 'ABONOS', 'FD FVMNXD', 'ZKSJDNVKJZXCNVKJ', 'PZ');

--
-- Índices para tablas volcadas
--

--
-- Indices de la tabla `abonos`
--
ALTER TABLE `abonos`
  ADD PRIMARY KEY (`Codigo`);

--
-- Indices de la tabla `cancelados`
--
ALTER TABLE `cancelados`
  ADD PRIMARY KEY (`NumFactura`,`CodigoCliente`);

--
-- Indices de la tabla `cierre`
--
ALTER TABLE `cierre`
  ADD PRIMARY KEY (`Numero`);

--
-- Indices de la tabla `clientes`
--
ALTER TABLE `clientes`
  ADD PRIMARY KEY (`Cedula`);

--
-- Indices de la tabla `descuento`
--
ALTER TABLE `descuento`
  ADD PRIMARY KEY (`Montoad`);

--
-- Indices de la tabla `detalles`
--
ALTER TABLE `detalles`
  ADD PRIMARY KEY (`Id`),
  ADD KEY `detalles_ibfk_1` (`Item`),
  ADD KEY `detalles_ibfk_2` (`Cliente`),
  ADD KEY `detalles_ibfk_3` (`NumeroFactura`);

--
-- Indices de la tabla `detallessales`
--
ALTER TABLE `detallessales`
  ADD PRIMARY KEY (`Id`),
  ADD KEY `detalles_ibfk_1` (`Item`),
  ADD KEY `detalles_ibfk_2` (`Cliente`),
  ADD KEY `detalles_ibfk_3` (`NumeroFactura`);

--
-- Indices de la tabla `factura`
--
ALTER TABLE `factura`
  ADD PRIMARY KEY (`Numero`),
  ADD KEY `factura_ibfk_1` (`Cliente`),
  ADD KEY `cajero_ibfk_2` (`CodigoCajero`),
  ADD KEY `vendedor_ibfk_3` (`CodigoVendedor`);

--
-- Indices de la tabla `items`
--
ALTER TABLE `items`
  ADD PRIMARY KEY (`Barcode`);

--
-- Indices de la tabla `notascredito`
--
ALTER TABLE `notascredito`
  ADD PRIMARY KEY (`Id`);

--
-- Indices de la tabla `registro`
--
ALTER TABLE `registro`
  ADD PRIMARY KEY (`Codigo`);

--
-- Indices de la tabla `saldos`
--
ALTER TABLE `saldos`
  ADD PRIMARY KEY (`NumFactura`,`CodigoCliente`);

--
-- Indices de la tabla `sales`
--
ALTER TABLE `sales`
  ADD PRIMARY KEY (`Numero`),
  ADD KEY `factura_ibfk_3` (`Cliente`);

--
-- Indices de la tabla `vendedores`
--
ALTER TABLE `vendedores`
  ADD PRIMARY KEY (`Codigo`);

--
-- AUTO_INCREMENT de las tablas volcadas
--

--
-- AUTO_INCREMENT de la tabla `abonos`
--
ALTER TABLE `abonos`
  MODIFY `Codigo` int(111) NOT NULL AUTO_INCREMENT, AUTO_INCREMENT=42;

--
-- AUTO_INCREMENT de la tabla `cierre`
--
ALTER TABLE `cierre`
  MODIFY `Numero` int(110) NOT NULL AUTO_INCREMENT;

--
-- AUTO_INCREMENT de la tabla `detalles`
--
ALTER TABLE `detalles`
  MODIFY `Id` int(111) NOT NULL AUTO_INCREMENT, AUTO_INCREMENT=108;

--
-- AUTO_INCREMENT de la tabla `detallessales`
--
ALTER TABLE `detallessales`
  MODIFY `Id` int(111) NOT NULL AUTO_INCREMENT, AUTO_INCREMENT=43;

--
-- AUTO_INCREMENT de la tabla `notascredito`
--
ALTER TABLE `notascredito`
  MODIFY `Id` int(111) NOT NULL AUTO_INCREMENT;

--
-- AUTO_INCREMENT de la tabla `registro`
--
ALTER TABLE `registro`
  MODIFY `Codigo` int(11) NOT NULL AUTO_INCREMENT, AUTO_INCREMENT=6;

--
-- Restricciones para tablas volcadas
--

--
-- Filtros para la tabla `detalles`
--
ALTER TABLE `detalles`
  ADD CONSTRAINT `detalles_ibfk_1` FOREIGN KEY (`Item`) REFERENCES `items` (`Barcode`) ON DELETE CASCADE ON UPDATE CASCADE,
  ADD CONSTRAINT `detalles_ibfk_2` FOREIGN KEY (`Cliente`) REFERENCES `clientes` (`Cedula`) ON DELETE CASCADE ON UPDATE CASCADE,
  ADD CONSTRAINT `detalles_ibfk_3` FOREIGN KEY (`NumeroFactura`) REFERENCES `factura` (`Numero`) ON DELETE CASCADE ON UPDATE CASCADE;

--
-- Filtros para la tabla `factura`
--
ALTER TABLE `factura`
  ADD CONSTRAINT `cajero_ibfk_2` FOREIGN KEY (`CodigoCajero`) REFERENCES `registro` (`Codigo`) ON DELETE CASCADE ON UPDATE CASCADE,
  ADD CONSTRAINT `factura_ibfk_1` FOREIGN KEY (`Cliente`) REFERENCES `clientes` (`Cedula`) ON DELETE CASCADE ON UPDATE CASCADE,
  ADD CONSTRAINT `vendedor_ibfk_3` FOREIGN KEY (`CodigoVendedor`) REFERENCES `vendedores` (`Codigo`) ON DELETE CASCADE ON UPDATE CASCADE;
COMMIT;

/*!40101 SET CHARACTER_SET_CLIENT=@OLD_CHARACTER_SET_CLIENT */;
/*!40101 SET CHARACTER_SET_RESULTS=@OLD_CHARACTER_SET_RESULTS */;
/*!40101 SET COLLATION_CONNECTION=@OLD_COLLATION_CONNECTION */;
